=== findings ===
mova/smoke/fixtures/buggy.clj
{:col 9, :end-col 17, :end-row 10, :filename "mova/smoke/fixtures/buggy.clj", :langs (), :level :warning, :message "unused binding unused-x", :row 10, :type :unused-binding}
{:col 3, :end-col 11, :end-row 15, :filename "mova/smoke/fixtures/buggy.clj", :langs (), :level :error, :message "mova.smoke.fixtures.buggy/add2 is called with 1 arg but expects 2", :row 15, :type :invalid-arity}
{:col 4, :end-col 30, :end-row 18, :filename "mova/smoke/fixtures/buggy.clj", :langs (), :level :error, :message "Unresolved symbol: this-symbol-does-not-exist", :row 18, :type :unresolved-symbol}
{:col 3, :end-col 13, :end-row 22, :filename "mova/smoke/fixtures/buggy.clj", :langs (), :level :warning, :message "redundant do", :row 21, :type :redundant-do}
{:col 4, :end-col 30, :end-row 25, :filename "mova/smoke/fixtures/buggy.clj", :langs (), :level :warning, :message "Unresolved var: str/this-fn-does-not-exist", :row 25, :type :unresolved-var}
=== analysis ===
:instance-invocations 26
{:filename "lib/src/clojure_lsp/config.clj", :method-name "getCanonicalPath", :name-col 53, :name-end-col 70, :name-end-row 23, :name-row 23}
{:filename "lib/src/clojure_lsp/config.clj", :method-name "getMessage", :name-col 93, :name-end-col 104, :name-end-row 23, :name-row 23}
{:filename "lib/src/clojure_lsp/config.clj", :method-name "getParentFile", :name-col 19, :name-end-col 33, :name-end-row 65, :name-row 65}
{:filename "lib/src/clojure_lsp/config.clj", :method-name "getAbsolutePath", :name-col 39, :name-end-col 55, :name-end-row 69, :name-row 69}
{:filename "lib/src/clojure_lsp/config.clj", :method-name "getAbsolutePath", :name-col 81, :name-end-col 97, :name-end-row 69, :name-row 69}
{:filename "lib/src/clojure_lsp/config.clj", :method-name "getBytes", :name-col 8, :name-end-col 17, :name-end-row 84, :name-row 84}
{:filename "lib/src/clojure_lsp/config.clj", :method-name "entries", :name-col 28, :name-end-col 36, :name-end-row 90, :name-row 90}
{:filename "lib/src/clojure_lsp/config.clj", :method-name "getName", :name-col 38, :name-end-col 46, :name-end-row 92, :name-row 92}
{:filename "lib/src/clojure_lsp/config.clj", :method-name "getName", :name-col 58, :name-end-col 66, :name-end-row 96, :name-row 96}
{:filename "lib/src/clojure_lsp/config.clj", :method-name "getInputStream", :name-col 47, :name-end-col 62, :name-end-row 101, :name-row 101}
{:filename "lib/src/clojure_lsp/http.clj", :method-name "startsWith", :name-col 12, :name-end-col 23, :name-end-row 13, :name-row 13}
{:filename "lib/src/clojure_lsp/http.clj", :method-name "openConnection", :name-col 37, :name-end-col 52, :name-end-row 16, :name-row 16}
{:filename "lib/src/clojure_lsp/http.clj", :method-name "setConnectTimeout", :name-col 8, :name-end-col 26, :name-end-row 17, :name-row 17}
{:filename "lib/src/clojure_lsp/http.clj", :method-name "setReadTimeout", :name-col 8, :name-end-col 23, :name-end-row 18, :name-row 18}
{:filename "lib/src/clojure_lsp/http.clj", :method-name "connect", :name-col 10, :name-end-col 18, :name-end-row 20, :name-row 20}
{:filename "lib/src/clojure_lsp/http.clj", :method-name "disconnect", :name-col 12, :name-end-col 23, :name-end-row 25, :name-row 25}
{:filename "lib/src/clojure_lsp/http.clj", :method-name "openConnection", :name-col 37, :name-end-col 52, :name-end-row 30, :name-row 30}
{:filename "lib/src/clojure_lsp/http.clj", :method-name "setConnectTimeout", :name-col 8, :name-end-col 26, :name-end-row 31, :name-row 31}
{:filename "lib/src/clojure_lsp/http.clj", :method-name "setReadTimeout", :name-col 8, :name-end-col 23, :name-end-row 32, :name-row 32}
{:filename "lib/src/clojure_lsp/http.clj", :method-name "getResponseCode", :name-col 17, :name-end-col 33, :name-end-row 33, :name-row 33}
{:filename "lib/src/clojure_lsp/http.clj", :method-name "getInputStream", :name-col 15, :name-end-col 30, :name-end-row 34, :name-row 34}
{:filename "lib/src/clojure_lsp/http.clj", :method-name "getContentType", :name-col 23, :name-end-col 38, :name-end-row 35, :name-row 35}
{:filename "lib/src/clojure_lsp/source_paths.clj", :method-name "isAbsolute", :name-col 8, :name-end-col 19, :name-end-row 25, :name-row 25}
{:filename "lib/src/clojure_lsp/source_paths.clj", :method-name "getParentFile", :name-col 38, :name-end-col 52, :name-end-row 27, :name-row 27}
{:filename "lib/src/clojure_lsp/source_paths.clj", :method-name "startsWith", :name-col 38, :name-end-col 49, :name-end-row 57, :name-row 57}
{:filename "lib/src/clojure_lsp/source_paths.clj", :method-name "getCanonicalPath", :name-col 49, :name-end-col 66, :name-end-row 78, :name-row 78}
:java-class-usages 34
{:call nil, :class "java.io.File", :col 13, :end-col 17, :end-row 10, :filename "lib/src/clojure_lsp/config.clj", :import true, :lang :clj, :row 10, :uri "file:<root>/lib/src/clojure_lsp/config.clj"}
{:call nil, :class "java.util.jar.JarFile", :col 19, :end-col 26, :end-row 11, :filename "lib/src/clojure_lsp/config.clj", :import true, :lang :clj, :row 11, :uri "file:<root>/lib/src/clojure_lsp/config.clj"}
{:call nil, :class "java.util.jar.JarFile$JarFileEntry", :col 27, :end-col 47, :end-row 11, :filename "lib/src/clojure_lsp/config.clj", :import true, :lang :clj, :row 11, :uri "file:<root>/lib/src/clojure_lsp/config.clj"}
{:call nil, :class "java.io.File", :col 23, :end-col 35, :end-row 17, :filename "lib/src/clojure_lsp/config.clj", :lang :clj, :row 17, :uri "file:<root>/lib/src/clojure_lsp/config.clj"}
{:call false, :class "java.lang.Exception", :col 12, :end-col 21, :end-row 22, :filename "lib/src/clojure_lsp/config.clj", :lang :clj, :name-col 12, :name-end-col 21, :name-end-row 22, :name-row 22, :row 22, :uri "file:<root>/lib/src/clojure_lsp/config.clj"}
{:call true, :class "java.lang.System", :col 3, :end-col 25, :end-row 26, :filename "lib/src/clojure_lsp/config.clj", :lang :clj, :method-name "getProperty", :name-col 4, :name-end-col 22, :name-end-row 26, :name-row 26, :row 26, :uri "file:<root>/lib/src/clojure_lsp/config.clj"}
{:call true, :class "java.lang.System", :col 3, :end-col 20, :end-row 29, :filename "lib/src/clojure_lsp/config.clj", :lang :clj, :method-name "getenv", :name-col 4, :name-end-col 17, :name-end-row 29, :name-row 29, :row 29, :uri "file:<root>/lib/src/clojure_lsp/config.clj"}
{:call nil, :class "java.io.File", :col 6, :end-col 18, :end-row 51, :filename "lib/src/clojure_lsp/config.clj", :lang :clj, :row 51, :uri "file:<root>/lib/src/clojure_lsp/config.clj"}
{:call false, :class "java.io.File", :col 34, :end-col 38, :end-row 53, :filename "lib/src/clojure_lsp/config.clj", :lang :clj, :name-col 34, :name-end-col 38, :name-end-row 53, :name-row 53, :row 53, :uri "file:<root>/lib/src/clojure_lsp/config.clj"}
{:call false, :class "java.io.File", :col 34, :end-col 38, :end-row 53, :filename "lib/src/clojure_lsp/config.clj", :lang :clj, :name-col 34, :name-end-col 38, :name-end-row 53, :name-row 53, :row 53, :uri "file:<root>/lib/src/clojure_lsp/config.clj"}
{:call nil, :class "java.io.File", :col 41, :end-col 53, :end-row 57, :filename "lib/src/clojure_lsp/config.clj", :lang :clj, :row 57, :uri "file:<root>/lib/src/clojure_lsp/config.clj"}
{:call nil, :class "java.io.File", :col 60, :end-col 72, :end-row 61, :filename "lib/src/clojure_lsp/config.clj", :lang :clj, :row 61, :uri "file:<root>/lib/src/clojure_lsp/config.clj"}
{:call nil, :class "java.io.File", :col 5, :end-col 17, :end-row 88, :filename "lib/src/clojure_lsp/config.clj", :lang :clj, :row 88, :uri "file:<root>/lib/src/clojure_lsp/config.clj"}
{:call false, :class "java.util.jar.JarFile", :col 19, :end-col 34, :end-row 89, :filename "lib/src/clojure_lsp/config.clj", :lang :clj, :name-col 20, :name-end-col 28, :name-end-row 89, :name-row 89, :row 89, :skip-analysis true, :uri "file:<root>/lib/src/clojure_lsp/config.clj"}
{:call false, :class "java.util.jar.JarFile$JarFileEntry", :col 24, :end-col 44, :end-row 91, :filename "lib/src/clojure_lsp/config.clj", :lang :clj, :name-col 24, :name-end-col 44, :name-end-row 91, :name-row 91, :row 91, :uri "file:<root>/lib/src/clojure_lsp/config.clj"}
{:call false, :class "java.util.jar.JarFile$JarFileEntry", :col 22, :end-col 42, :end-row 95, :filename "lib/src/clojure_lsp/config.clj", :lang :clj, :name-col 22, :name-end-col 42, :name-end-row 95, :name-row 95, :row 95, :uri "file:<root>/lib/src/clojure_lsp/config.clj"}
{:call nil, :class "difflib.DiffUtils", :col 13, :end-col 22, :end-row 6, :filename "lib/src/clojure_lsp/diff.clj", :import true, :lang :clj, :row 6, :uri "file:<root>/lib/src/clojure_lsp/diff.clj"}
{:call true, :class "difflib.DiffUtils", :col 15, :end-col 25, :end-row 34, :filename "lib/src/clojure_lsp/diff.clj", :lang :clj, :method-name "generateUnifiedDiff", :name-col 16, :name-end-col 45, :name-end-row 25, :name-row 25, :row 25, :uri "file:<root>/lib/src/clojure_lsp/diff.clj"}
{:call true, :class "difflib.DiffUtils", :col 17, :end-col 66, :end-row 33, :filename "lib/src/clojure_lsp/diff.clj", :lang :clj, :method-name "diff", :name-col 18, :name-end-col 32, :name-end-row 33, :name-row 33, :row 33, :uri "file:<root>/lib/src/clojure_lsp/diff.clj"}
{:call nil, :class "java.io.IOException", :col 13, :end-col 24, :end-row 3, :filename "lib/src/clojure_lsp/http.clj", :import true, :lang :clj, :row 3, :uri "file:<root>/lib/src/clojure_lsp/http.clj"}
{:call nil, :class "java.net.URL", :col 14, :end-col 17, :end-row 4, :filename "lib/src/clojure_lsp/http.clj", :import true, :lang :clj, :row 4, :uri "file:<root>/lib/src/clojure_lsp/http.clj"}
{:call nil, :class "javax.net.ssl.HttpsURLConnection", :col 19, :end-col 37, :end-row 5, :filename "lib/src/clojure_lsp/http.clj", :import true, :lang :clj, :row 5, :uri "file:<root>/lib/src/clojure_lsp/http.clj"}
{:call false, :class "java.lang.String", :col 26, :end-col 32, :end-row 12, :filename "lib/src/clojure_lsp/http.clj", :lang :clj, :name-col 26, :name-end-col 32, :name-end-row 12, :name-row 12, :row 12, :uri "file:<root>/lib/src/clojure_lsp/http.clj"}
{:call false, :class "java.net.URL", :col 15, :end-col 25, :end-row 15, :filename "lib/src/clojure_lsp/http.clj", :lang :clj, :name-col 16, :name-end-col 20, :name-end-row 15, :name-row 15, :row 15, :skip-analysis true, :uri "file:<root>/lib/src/clojure_lsp/http.clj"}
{:call false, :class "javax.net.ssl.HttpsURLConnection", :col 17, :end-col 35, :end-row 16, :filename "lib/src/clojure_lsp/http.clj", :lang :clj, :name-col 17, :name-end-col 35, :name-end-row 16, :name-row 16, :row 16, :uri "file:<root>/lib/src/clojure_lsp/http.clj"}
{:call false, :class "java.io.IOException", :col 16, :end-col 27, :end-row 22, :filename "lib/src/clojure_lsp/http.clj", :lang :clj, :name-col 16, :name-end-col 27, :name-end-row 22, :name-row 22, :row 22, :uri "file:<root>/lib/src/clojure_lsp/http.clj"}
{:call false, :class "java.lang.String", :col 18, :end-col 24, :end-row 27, :filename "lib/src/clojure_lsp/http.clj", :lang :clj, :name-col 18, :name-end-col 24, :name-end-row 27, :name-row 27, :row 27, :uri "file:<root>/lib/src/clojure_lsp/http.clj"}
{:call false, :class "java.net.URL", :col 15, :end-col 25, :end-row 29, :filename "lib/src/clojure_lsp/http.clj", :lang :clj, :name-col 16, :name-end-col 20, :name-end-row 29, :name-row 29, :row 29, :skip-analysis true, :uri "file:<root>/lib/src/clojure_lsp/http.clj"}
{:call false, :class "javax.net.ssl.HttpsURLConnection", :col 17, :end-col 35, :end-row 30, :filename "lib/src/clojure_lsp/http.clj", :lang :clj, :name-col 17, :name-end-col 35, :name-end-row 30, :name-row 30, :row 30, :uri "file:<root>/lib/src/clojure_lsp/http.clj"}
{:call false, :class "java.lang.Exception", :col 12, :end-col 21, :end-row 36, :filename "lib/src/clojure_lsp/http.clj", :lang :clj, :name-col 12, :name-end-col 21, :name-end-row 36, :name-row 36, :row 36, :uri "file:<root>/lib/src/clojure_lsp/http.clj"}
{:call nil, :class "java.io.File", :col 13, :end-col 17, :end-row 9, :filename "lib/src/clojure_lsp/source_paths.clj", :import true, :lang :clj, :row 9, :uri "file:<root>/lib/src/clojure_lsp/source_paths.clj"}
{:call false, :class "java.io.File", :col 46, :end-col 50, :end-row 24, :filename "lib/src/clojure_lsp/source_paths.clj", :lang :clj, :name-col 46, :name-end-col 50, :name-end-row 24, :name-row 24, :row 24, :uri "file:<root>/lib/src/clojure_lsp/source_paths.clj"}
{:call nil, :class "java.nio.file.Path", :col 43, :end-col 61, :end-row 44, :filename "lib/src/clojure_lsp/source_paths.clj", :lang :clj, :row 44, :uri "file:<root>/lib/src/clojure_lsp/source_paths.clj"}
{:call nil, :class "java.nio.file.Path", :col 41, :end-col 59, :end-row 56, :filename "lib/src/clojure_lsp/source_paths.clj", :lang :clj, :row 56, :uri "file:<root>/lib/src/clojure_lsp/source_paths.clj"}
:keywords 150
{:col 4, :context {}, :end-col 12, :end-row 2, :filename "lib/src/clojure_lsp/config.clj", :from user, :name "require", :row 2}
{:col 24, :context {}, :end-col 27, :end-row 3, :filename "lib/src/clojure_lsp/config.clj", :from user, :name "as", :row 3}
{:col 24, :context {}, :end-col 27, :end-row 4, :filename "lib/src/clojure_lsp/config.clj", :from user, :name "as", :row 4}
{:col 17, :context {}, :end-col 20, :end-row 5, :filename "lib/src/clojure_lsp/config.clj", :from user, :name "as", :row 5}
{:col 21, :context {}, :end-col 24, :end-row 6, :filename "lib/src/clojure_lsp/config.clj", :from user, :name "as", :row 6}
{:col 20, :context {}, :end-col 23, :end-row 7, :filename "lib/src/clojure_lsp/config.clj", :from user, :name "as", :row 7}
{:col 17, :context {}, :end-col 20, :end-row 8, :filename "lib/src/clojure_lsp/config.clj", :from user, :name "as", :row 8}
{:col 4, :context {}, :end-col 11, :end-row 9, :filename "lib/src/clojure_lsp/config.clj", :from user, :name "import", :row 9}
{:col 28, :context {}, :end-col 36, :end-row 20, :filename "lib/src/clojure_lsp/config.clj", :from clojure-lsp.config, :from-var read-edn-file, :name "readers", :row 20}
{:col 41, :context {}, :end-col 58, :end-row 47, :filename "lib/src/clojure_lsp/config.clj", :from clojure-lsp.config, :from-var local-cache-dir, :name "project-root-uri", :row 47}
{:col 43, :context {}, :end-col 52, :end-row 48, :filename "lib/src/clojure_lsp/config.clj", :from clojure-lsp.config, :from-var local-cache-dir, :name "settings", :row 48}
{:col 53, :context {}, :end-col 64, :end-row 48, :filename "lib/src/clojure_lsp/config.clj", :from clojure-lsp.config, :from-var local-cache-dir, :name "cache-path", :row 48}
{:col 8, :context {}, :end-col 16, :end-row 57, :filename "lib/src/clojure_lsp/config.clj", :from clojure-lsp.config, :name "private", :row 57}
{:col 8, :context {}, :end-col 16, :end-row 61, :filename "lib/src/clojure_lsp/config.clj", :from clojure-lsp.config, :name "private", :row 61}
{:col 8, :context {}, :end-col 16, :end-row 87, :filename "lib/src/clojure_lsp/config.clj", :from clojure-lsp.config, :name "private", :row 87}
{:col 40, :context {}, :end-col 48, :end-row 100, :filename "lib/src/clojure_lsp/config.clj", :from clojure-lsp.config, :from-var jar-file->config, :name "readers", :row 100}
{:col 24, :context {}, :end-col 31, :end-row 109, :filename "lib/src/clojure_lsp/config.clj", :from clojure-lsp.config, :from-var deep-merge-considering-settings, :name "cljfmt", :row 109}
{:col 32, :context {}, :end-col 40, :end-row 109, :filename "lib/src/clojure_lsp/config.clj", :from clojure-lsp.config, :from-var deep-merge-considering-settings, :name "indents", :row 109}
{:col 29, :context {}, :end-col 36, :end-row 110, :filename "lib/src/clojure_lsp/config.clj", :from clojure-lsp.config, :from-var deep-merge-considering-settings, :name "cljfmt", :row 110}
{:col 37, :context {}, :end-col 45, :end-row 110, :filename "lib/src/clojure_lsp/config.clj", :from clojure-lsp.config, :from-var deep-merge-considering-settings, :name "indents", :row 110}
{:col 29, :context {}, :end-col 36, :end-row 111, :filename "lib/src/clojure_lsp/config.clj", :from clojure-lsp.config, :from-var deep-merge-considering-settings, :name "cljfmt", :row 111}
{:col 37, :context {}, :end-col 45, :end-row 111, :filename "lib/src/clojure_lsp/config.clj", :from clojure-lsp.config, :from-var deep-merge-considering-settings, :name "indents", :row 111}
{:col 26, :context {}, :end-col 33, :end-row 113, :filename "lib/src/clojure_lsp/config.clj", :from clojure-lsp.config, :from-var deep-merge-considering-settings, :name "cljfmt", :row 113}
{:col 34, :context {}, :end-col 42, :end-row 113, :filename "lib/src/clojure_lsp/config.clj", :from clojure-lsp.config, :from-var deep-merge-considering-settings, :name "indents", :row 113}
{:col 14, :context {}, :end-col 33, :end-row 115, :filename "lib/src/clojure_lsp/config.clj", :from clojure-lsp.config, :from-var deep-merge-considering-settings, :name "paths-ignore-regex", :row 115}
{:col 28, :context {}, :end-col 47, :end-row 116, :filename "lib/src/clojure_lsp/config.clj", :from clojure-lsp.config, :from-var deep-merge-considering-settings, :name "paths-ignore-regex", :row 116}
{:col 16, :context {}, :end-col 30, :end-row 118, :filename "lib/src/clojure_lsp/config.clj", :from clojure-lsp.config, :from-var deep-merge-considering-settings, :name "project-specs", :row 118}
{:col 27, :context {}, :end-col 41, :end-row 119, :filename "lib/src/clojure_lsp/config.clj", :from clojure-lsp.config, :from-var deep-merge-considering-settings, :name "project-specs", :row 119}
{:col 35, :context {}, :end-col 48, :end-row 120, :filename "lib/src/clojure_lsp/config.clj", :from clojure-lsp.config, :from-var deep-merge-considering-settings, :name "project-path", :row 120}
{:col 50, :context {}, :end-col 64, :end-row 120, :filename "lib/src/clojure_lsp/config.clj", :from clojure-lsp.config, :from-var deep-merge-considering-settings, :name "project-specs", :row 120}
{:col 8, :context {}, :end-col 13, :end-row 122, :filename "lib/src/clojure_lsp/config.clj", :from clojure-lsp.config, :from-var deep-merge-considering-settings, :name "else", :row 122}
{:col 7, :context {}, :end-col 15, :end-row 134, :filename "lib/src/clojure_lsp/config.clj", :from clojure-lsp.config, :from-var with-legacy-linters-kondo-config, :name "linters", :row 134}
{:col 41, :context {}, :end-col 49, :end-row 134, :filename "lib/src/clojure_lsp/config.clj", :from clojure-lsp.config, :from-var with-legacy-linters-kondo-config, :name "linters", :row 134}
{:col 65, :context {}, :end-col 95, :end-row 134, :filename "lib/src/clojure_lsp/config.clj", :from clojure-lsp.config, :from-var with-legacy-linters-kondo-config, :name "unused-public-var", :ns clojure-lsp, :row 134}
{:col 65, :context {}, :end-col 95, :end-row 135, :filename "lib/src/clojure_lsp/config.clj", :from clojure-lsp.config, :from-var with-legacy-linters-kondo-config, :name "different-aliases", :ns clojure-lsp, :row 135}
{:col 7, :context {}, :end-col 20, :end-row 136, :filename "lib/src/clojure_lsp/config.clj", :from clojure-lsp.config, :from-var with-legacy-linters-kondo-config, :name "config-in-ns", :row 136}
{:col 22, :context {}, :end-col 35, :end-row 136, :filename "lib/src/clojure_lsp/config.clj", :from clojure-lsp.config, :from-var with-legacy-linters-kondo-config, :name "config-in-ns", :row 136}
{:col 7, :context {}, :end-col 17, :end-row 137, :filename "lib/src/clojure_lsp/config.clj", :from clojure-lsp.config, :from-var with-legacy-linters-kondo-config, :name "ns-groups", :row 137}
{:col 19, :context {}, :end-col 29, :end-row 137, :filename "lib/src/clojure_lsp/config.clj", :from clojure-lsp.config, :from-var with-legacy-linters-kondo-config, :name "ns-groups", :row 137}
{:col 8, :context {}, :end-col 16, :end-row 140, :filename "lib/src/clojure_lsp/config.clj", :from clojure-lsp.config, :name "private", :row 140}
{:col 70, :context {}, :end-col 75, :end-row 140, :filename "lib/src/clojure_lsp/config.clj", :from clojure-lsp.config, :from-var resolve-from-classpath-config-paths-impl, :keys-destructuring-ns-modifier true, :name "keys", :row 140}
{:col 77, :context {}, :end-col 99, :end-row 140, :filename "lib/src/clojure_lsp/config.clj", :from clojure-lsp.config, :from-var resolve-from-classpath-config-paths-impl, :keys-destructuring true, :name "classpath-config-paths", :row 140}
{:col 33, :context {}, :end-col 38, :end-row 155, :filename "lib/src/clojure_lsp/config.clj", :from clojure-lsp.config, :from-var classpath-config-paths?, :keys-destructuring-ns-modifier true, :name "keys", :row 155}
{:col 40, :context {}, :end-col 62, :end-row 155, :filename "lib/src/clojure_lsp/config.clj", :from clojure-lsp.config, :from-var classpath-config-paths?, :keys-destructuring true, :name "classpath-config-paths", :row 155}
{:col 5, :context {}, :end-col 37, :end-row 161, :filename "lib/src/clojure_lsp/config.clj", :from clojure-lsp.config, :from-var resolve-from-classpath-config-paths, :name "find-classpath-configs", :ns internal, :row 161}
{:col 13, :context {}, :end-col 18, :end-row 162, :filename "lib/src/clojure_lsp/config.clj", :from clojure-lsp.config, :from-var resolve-from-classpath-config-paths, :keys-destructuring-ns-modifier true, :name "keys", :row 162}
{:col 20, :context {}, :end-col 42, :end-row 162, :filename "lib/src/clojure_lsp/config.clj", :from clojure-lsp.config, :from-var resolve-from-classpath-config-paths, :keys-destructuring true, :name "classpath-config-paths", :row 162}
{:col 44, :context {}, :end-col 47, :end-row 162, :filename "lib/src/clojure_lsp/config.clj", :from clojure-lsp.config, :from-var resolve-from-classpath-config-paths, :name "as", :row 162}
{:col 4, :context {}, :end-col 12, :end-row 2, :filename "lib/src/clojure_lsp/diff.clj", :from user, :name "require", :row 2}
{:col 24, :context {}, :end-col 27, :end-row 3, :filename "lib/src/clojure_lsp/diff.clj", :from user, :name "as", :row 3}
{:col 20, :context {}, :end-col 23, :end-row 4, :filename "lib/src/clojure_lsp/diff.clj", :from user, :name "as", :row 4}
{:col 4, :context {}, :end-col 11, :end-row 5, :filename "lib/src/clojure_lsp/diff.clj", :from user, :name "import", :row 5}
{:col 72, :context {}, :end-col 79, :end-row 49, :filename "lib/src/clojure_lsp/diff.clj", :from clojure-lsp.diff, :from-var colorize-diff, :name "yellow", :row 49}
{:col 70, :context {}, :end-col 77, :end-row 50, :filename "lib/src/clojure_lsp/diff.clj", :from clojure-lsp.diff, :from-var colorize-diff, :name "yellow", :row 50}
{:col 69, :context {}, :end-col 76, :end-row 51, :filename "lib/src/clojure_lsp/diff.clj", :from clojure-lsp.diff, :from-var colorize-diff, :name "yellow", :row 51}
{:col 69, :context {}, :end-col 76, :end-row 52, :filename "lib/src/clojure_lsp/diff.clj", :from clojure-lsp.diff, :from-var colorize-diff, :name "yellow", :row 52}
{:col 69, :context {}, :end-col 74, :end-row 53, :filename "lib/src/clojure_lsp/diff.clj", :from clojure-lsp.diff, :from-var colorize-diff, :name "cyan", :row 53}
{:col 69, :context {}, :end-col 75, :end-row 54, :filename "lib/src/clojure_lsp/diff.clj", :from clojure-lsp.diff, :from-var colorize-diff, :name "green", :row 54}
{:col 69, :context {}, :end-col 73, :end-row 55, :filename "lib/src/clojure_lsp/diff.clj", :from clojure-lsp.diff, :from-var colorize-diff, :name "red", :row 55}
{:col 4, :context {}, :end-col 11, :end-row 2, :filename "lib/src/clojure_lsp/http.clj", :from user, :name "import", :row 2}
{:col 7, :context {}, :end-col 15, :end-row 9, :filename "lib/src/clojure_lsp/http.clj", :from clojure-lsp.http, :name "private", :row 9}
{:col 7, :context {}, :end-col 15, :end-row 10, :filename "lib/src/clojure_lsp/http.clj", :from clojure-lsp.http, :name "private", :row 10}
{:col 8, :context {}, :end-col 15, :end-row 33, :filename "lib/src/clojure_lsp/http.clj", :from clojure-lsp.http, :from-var request!, :name "status", :row 33}
{:col 8, :context {}, :end-col 13, :end-row 34, :filename "lib/src/clojure_lsp/http.clj", :from clojure-lsp.http, :from-var request!, :name "body", :row 34}
{:col 8, :context {}, :end-col 21, :end-row 35, :filename "lib/src/clojure_lsp/http.clj", :from clojure-lsp.http, :from-var request!, :name "content-type", :row 35}
{:col 8, :context {}, :end-col 14, :end-row 37, :filename "lib/src/clojure_lsp/http.clj", :from clojure-lsp.http, :from-var request!, :name "error", :row 37}
{:col 7, :context {}, :end-col 15, :end-row 14, :filename "lib/src/clojure_lsp/logger.clj", :from clojure-lsp.logger, :name "dynamic", :row 14}
{:col 22, :context {}, :end-col 27, :end-row 23, :filename "lib/src/clojure_lsp/logger.clj", :from clojure-lsp.logger, :from-var info, :name "file", :row 23}
{:col 22, :context {}, :end-col 29, :end-row 24, :filename "lib/src/clojure_lsp/logger.clj", :from clojure-lsp.logger, :from-var info, :name "ns-str", :row 24}
{:col 22, :context {}, :end-col 27, :end-row 30, :filename "lib/src/clojure_lsp/logger.clj", :from clojure-lsp.logger, :from-var warn, :name "file", :row 30}
{:col 22, :context {}, :end-col 29, :end-row 31, :filename "lib/src/clojure_lsp/logger.clj", :from clojure-lsp.logger, :from-var warn, :name "ns-str", :row 31}
{:col 22, :context {}, :end-col 27, :end-row 37, :filename "lib/src/clojure_lsp/logger.clj", :from clojure-lsp.logger, :from-var error, :name "file", :row 37}
{:col 22, :context {}, :end-col 29, :end-row 38, :filename "lib/src/clojure_lsp/logger.clj", :from clojure-lsp.logger, :from-var error, :name "ns-str", :row 38}
{:col 22, :context {}, :end-col 27, :end-row 44, :filename "lib/src/clojure_lsp/logger.clj", :from clojure-lsp.logger, :from-var debug, :name "file", :row 44}
{:col 22, :context {}, :end-col 29, :end-row 45, :filename "lib/src/clojure_lsp/logger.clj", :from clojure-lsp.logger, :from-var debug, :name "ns-str", :row 45}
{:col 4, :context {}, :end-col 18, :end-row 2, :filename "lib/src/clojure_lsp/settings.clj", :from user, :name "refer-clojure", :row 2}
{:col 19, :context {}, :end-col 27, :end-row 2, :filename "lib/src/clojure_lsp/settings.clj", :from user, :name "exclude", :row 2}
{:col 4, :context {}, :end-col 12, :end-row 3, :filename "lib/src/clojure_lsp/settings.clj", :from user, :name "require", :row 3}
{:col 24, :context {}, :end-col 27, :end-row 4, :filename "lib/src/clojure_lsp/settings.clj", :from user, :name "as", :row 4}
{:col 24, :context {}, :end-col 27, :end-row 5, :filename "lib/src/clojure_lsp/settings.clj", :from user, :name "as", :row 5}
{:col 26, :context {}, :end-col 29, :end-row 6, :filename "lib/src/clojure_lsp/settings.clj", :from user, :name "as", :row 6}
{:col 20, :context {}, :end-col 23, :end-row 7, :filename "lib/src/clojure_lsp/settings.clj", :from user, :name "as", :row 7}
{:col 18, :context {}, :end-col 21, :end-row 8, :filename "lib/src/clojure_lsp/settings.clj", :from user, :name "as", :row 8}
{:col 17, :context {}, :end-col 20, :end-row 9, :filename "lib/src/clojure_lsp/settings.clj", :from user, :name "as", :row 9}
{:col 15, :context {}, :end-col 33, :end-row 58, :filename "lib/src/clojure_lsp/settings.clj", :from clojure-lsp.settings, :from-var clean-client-settings, :name "dependency-scheme", :row 58}
{:col 15, :context {}, :end-col 39, :end-row 59, :filename "lib/src/clojure_lsp/settings.clj", :from clojure-lsp.settings, :from-var clean-client-settings, :name "text-document-sync-kind", :row 59}
{:col 15, :context {}, :end-col 28, :end-row 60, :filename "lib/src/clojure_lsp/settings.clj", :from clojure-lsp.settings, :from-var clean-client-settings, :name "source-paths", :row 60}
{:col 15, :context {}, :end-col 30, :end-row 61, :filename "lib/src/clojure_lsp/settings.clj", :from clojure-lsp.settings, :from-var clean-client-settings, :name "source-aliases", :row 61}
{:col 15, :context {}, :end-col 34, :end-row 62, :filename "lib/src/clojure_lsp/settings.clj", :from clojure-lsp.settings, :from-var clean-client-settings, :name "cljfmt-config-path", :row 62}
{:col 35, :context {}, :end-col 42, :end-row 63, :filename "lib/src/clojure_lsp/settings.clj", :from clojure-lsp.settings, :from-var clean-client-settings, :name "cljfmt", :row 63}
{:col 43, :context {}, :end-col 51, :end-row 63, :filename "lib/src/clojure_lsp/settings.clj", :from clojure-lsp.settings, :from-var clean-client-settings, :name "indents", :row 63}
{:col 35, :context {}, :end-col 43, :end-row 64, :filename "lib/src/clojure_lsp/settings.clj", :from clojure-lsp.settings, :from-var clean-client-settings, :name "linters", :row 64}
{:col 15, :context {}, :end-col 36, :end-row 65, :filename "lib/src/clojure_lsp/settings.clj", :from clojure-lsp.settings, :from-var clean-client-settings, :name "document-formatting?", :row 65}
{:col 15, :context {}, :end-col 42, :end-row 66, :filename "lib/src/clojure_lsp/settings.clj", :from clojure-lsp.settings, :from-var clean-client-settings, :name "document-range-formatting?", :row 66}
{:col 8, :context {}, :end-col 16, :end-row 68, :filename "lib/src/clojure_lsp/settings.clj", :from clojure-lsp.settings, :name "private", :row 68}
{:col 7, :context {}, :end-col 15, :end-row 77, :filename "lib/src/clojure_lsp/settings.clj", :from clojure-lsp.settings, :name "private", :row 77}
{:col 39, :context {}, :end-col 53, :end-row 78, :filename "lib/src/clojure_lsp/settings.clj", :from clojure-lsp.settings, :from-var memoized-settings, :name "threshold", :ns ttl, :row 78}
{:col 5, :context {}, :end-col 10, :end-row 83, :filename "lib/src/clojure_lsp/settings.clj", :from clojure-lsp.settings, :from-var all, :keys-destructuring-ns-modifier true, :name "keys", :row 83}
{:col 12, :context {}, :end-col 34, :end-row 83, :filename "lib/src/clojure_lsp/settings.clj", :from clojure-lsp.settings, :from-var all, :keys-destructuring true, :name "settings-auto-refresh?", :row 83}
{:col 35, :context {}, :end-col 47, :end-row 83, :filename "lib/src/clojure_lsp/settings.clj", :from clojure-lsp.settings, :from-var all, :keys-destructuring true, :name "kondo-config", :row 83}
{:col 48, :context {}, :end-col 51, :end-row 83, :filename "lib/src/clojure_lsp/settings.clj", :from clojure-lsp.settings, :from-var all, :keys-destructuring true, :name "env", :row 83}
{:col 52, :context {}, :end-col 68, :end-row 83, :filename "lib/src/clojure_lsp/settings.clj", :from clojure-lsp.settings, :from-var all, :keys-destructuring true, :name "project-root-uri", :row 83}
{:col 69, :context {}, :end-col 77, :end-row 83, :filename "lib/src/clojure_lsp/settings.clj", :from clojure-lsp.settings, :from-var all, :keys-destructuring true, :name "settings", :row 83}
{:col 78, :context {}, :end-col 92, :end-row 83, :filename "lib/src/clojure_lsp/settings.clj", :from clojure-lsp.settings, :from-var all, :keys-destructuring true, :name "force-settings", :row 83}
{:col 14, :context {}, :end-col 24, :end-row 85, :filename "lib/src/clojure_lsp/settings.clj", :from clojure-lsp.settings, :from-var all, :name "unit-test", :row 85}
{:col 25, :context {}, :end-col 34, :end-row 85, :filename "lib/src/clojure_lsp/settings.clj", :from clojure-lsp.settings, :from-var all, :name "api-test", :row 85}
{:col 23, :context {}, :end-col 32, :end-row 98, :filename "lib/src/clojure_lsp/settings.clj", :from clojure-lsp.settings, :from-var set-all, :name "settings", :row 98}
{:col 22, :context {}, :end-col 31, :end-row 100, :filename "lib/src/clojure_lsp/settings.clj", :from clojure-lsp.settings, :from-var set-all, :name "settings", :row 100}
{:col 4, :context {}, :end-col 12, :end-row 2, :filename "lib/src/clojure_lsp/source_paths.clj", :from user, :name "require", :row 2}
{:col 17, :context {}, :end-col 20, :end-row 3, :filename "lib/src/clojure_lsp/source_paths.clj", :from user, :name "as", :row 3}
{:col 24, :context {}, :end-col 27, :end-row 4, :filename "lib/src/clojure_lsp/source_paths.clj", :from user, :name "as", :row 4}
{:col 24, :context {}, :end-col 27, :end-row 5, :filename "lib/src/clojure_lsp/source_paths.clj", :from user, :name "as", :row 5}
{:col 24, :context {}, :end-col 27, :end-row 6, :filename "lib/src/clojure_lsp/source_paths.clj", :from user, :name "as", :row 6}
{:col 21, :context {}, :end-col 24, :end-row 7, :filename "lib/src/clojure_lsp/source_paths.clj", :from user, :name "as", :row 7}
{:col 4, :context {}, :end-col 11, :end-row 8, :filename "lib/src/clojure_lsp/source_paths.clj", :from user, :name "import", :row 8}
{:col 31, :context {}, :end-col 35, :end-row 16, :filename "lib/src/clojure_lsp/source_paths.clj", :from clojure-lsp.source-paths, :from-var default-source-aliases, :name "dev", :row 16}
{:col 36, :context {}, :end-col 41, :end-row 16, :filename "lib/src/clojure_lsp/source_paths.clj", :from clojure-lsp.source-paths, :from-var default-source-aliases, :name "test", :row 16}
{:col 8, :context {}, :end-col 16, :end-row 18, :filename "lib/src/clojure_lsp/source_paths.clj", :from clojure-lsp.source-paths, :name "private", :row 18}
{:col 33, :context {}, :end-col 44, :end-row 21, :filename "lib/src/clojure_lsp/source_paths.clj", :from clojure-lsp.source-paths, :from-var extract-local-roots, :name "root", :ns local, :row 21}
{:col 8, :context {}, :end-col 16, :end-row 24, :filename "lib/src/clojure_lsp/source_paths.clj", :from clojure-lsp.source-paths, :name "private", :row 24}
{:col 10, :context {}, :end-col 15, :end-row 31, :filename "lib/src/clojure_lsp/source_paths.clj", :from clojure-lsp.source-paths, :from-var deps-file->local-roots, :keys-destructuring-ns-modifier true, :name "keys", :row 31}
{:col 17, :context {}, :end-col 21, :end-row 31, :filename "lib/src/clojure_lsp/source_paths.clj", :from clojure-lsp.source-paths, :from-var deps-file->local-roots, :keys-destructuring true, :name "deps", :row 31}
{:col 22, :context {}, :end-col 32, :end-row 31, :filename "lib/src/clojure_lsp/source_paths.clj", :from clojure-lsp.source-paths, :from-var deps-file->local-roots, :keys-destructuring true, :name "extra-deps", :row 31}
{:col 33, :context {}, :end-col 40, :end-row 31, :filename "lib/src/clojure_lsp/source_paths.clj", :from clojure-lsp.source-paths, :from-var deps-file->local-roots, :keys-destructuring true, :name "aliases", :row 31}
{:col 29, :context {}, :end-col 44, :end-row 32, :filename "lib/src/clojure_lsp/source_paths.clj", :from clojure-lsp.source-paths, :from-var deps-file->local-roots, :name "source-aliases", :row 32}
{:col 24, :context {}, :end-col 29, :end-row 37, :filename "lib/src/clojure_lsp/source_paths.clj", :from clojure-lsp.source-paths, :from-var deps-file->local-roots, :keys-destructuring-ns-modifier true, :name "keys", :row 37}
{:col 31, :context {}, :end-col 35, :end-row 37, :filename "lib/src/clojure_lsp/source_paths.clj", :from clojure-lsp.source-paths, :from-var deps-file->local-roots, :keys-destructuring true, :name "deps", :row 37}
{:col 36, :context {}, :end-col 46, :end-row 37, :filename "lib/src/clojure_lsp/source_paths.clj", :from clojure-lsp.source-paths, :from-var deps-file->local-roots, :keys-destructuring true, :name "extra-deps", :row 37}
{:col 8, :context {}, :end-col 16, :end-row 44, :filename "lib/src/clojure_lsp/source_paths.clj", :from clojure-lsp.source-paths, :name "private", :row 44}
{:col 8, :context {}, :end-col 16, :end-row 60, :filename "lib/src/clojure_lsp/source_paths.clj", :from clojure-lsp.source-paths, :from-var classpath->source-paths, :name "origins", :row 60}
{:col 19, :context {}, :end-col 29, :end-row 60, :filename "lib/src/clojure_lsp/source_paths.clj", :from clojure-lsp.source-paths, :from-var classpath->source-paths, :name "classpath", :row 60}
{:col 8, :context {}, :end-col 21, :end-row 61, :filename "lib/src/clojure_lsp/source_paths.clj", :from clojure-lsp.source-paths, :from-var classpath->source-paths, :name "source-paths", :row 61}
{:col 8, :context {}, :end-col 24, :end-row 62, :filename "lib/src/clojure_lsp/source_paths.clj", :from clojure-lsp.source-paths, :from-var classpath->source-paths, :name "classpath-paths", :row 62}
{:col 8, :context {}, :end-col 16, :end-row 64, :filename "lib/src/clojure_lsp/source_paths.clj", :from clojure-lsp.source-paths, :name "private", :row 64}
{:col 6, :context {}, :end-col 19, :end-row 66, :filename "lib/src/clojure_lsp/source_paths.clj", :from clojure-lsp.source-paths, :from-var resolve-source-paths, :name "source-paths", :row 66}
{:col 6, :context {}, :end-col 14, :end-row 67, :filename "lib/src/clojure_lsp/source_paths.clj", :from clojure-lsp.source-paths, :from-var resolve-source-paths, :name "origins", :row 67}
{:col 17, :context {}, :end-col 26, :end-row 67, :filename "lib/src/clojure_lsp/source_paths.clj", :from clojure-lsp.source-paths, :from-var resolve-source-paths, :name "settings", :row 67}
{:col 10, :context {}, :end-col 23, :end-row 69, :filename "lib/src/clojure_lsp/source_paths.clj", :from clojure-lsp.source-paths, :from-var resolve-source-paths, :name "source-paths", :row 69}
{:col 10, :context {}, :end-col 18, :end-row 70, :filename "lib/src/clojure_lsp/source_paths.clj", :from clojure-lsp.source-paths, :from-var resolve-source-paths, :name "origins", :row 70}
{:col 21, :context {}, :end-col 29, :end-row 70, :filename "lib/src/clojure_lsp/source_paths.clj", :from clojure-lsp.source-paths, :from-var resolve-source-paths, :name "default", :row 70}
{:col 8, :context {}, :end-col 16, :end-row 72, :filename "lib/src/clojure_lsp/source_paths.clj", :from clojure-lsp.source-paths, :name "private", :row 72}
{:col 49, :context {}, :end-col 75, :end-row 81, :filename "lib/src/clojure_lsp/source_paths.clj", :from clojure-lsp.source-paths, :from-var process-source-paths, :name "source-paths-ignore-regex", :row 81}
{:col 10, :context {}, :end-col 15, :end-row 82, :filename "lib/src/clojure_lsp/source_paths.clj", :from clojure-lsp.source-paths, :from-var process-source-paths, :keys-destructuring-ns-modifier true, :name "keys", :row 82}
{:col 17, :context {}, :end-col 24, :end-row 82, :filename "lib/src/clojure_lsp/source_paths.clj", :from clojure-lsp.source-paths, :from-var process-source-paths, :keys-destructuring true, :name "origins", :row 82}
{:col 25, :context {}, :end-col 37, :end-row 82, :filename "lib/src/clojure_lsp/source_paths.clj", :from clojure-lsp.source-paths, :from-var process-source-paths, :keys-destructuring true, :name "source-paths", :row 82}
{:col 30, :context {}, :end-col 39, :end-row 84, :filename "lib/src/clojure_lsp/source_paths.clj", :from clojure-lsp.source-paths, :from-var process-source-paths, :name "settings", :row 84}
{:col 30, :context {}, :end-col 40, :end-row 85, :filename "lib/src/clojure_lsp/source_paths.clj", :from clojure-lsp.source-paths, :from-var process-source-paths, :name "classpath", :row 85}
{:col 30, :context {}, :end-col 38, :end-row 86, :filename "lib/src/clojure_lsp/source_paths.clj", :from clojure-lsp.source-paths, :from-var process-source-paths, :name "default", :row 86}
{:col 4, :context {}, :end-col 12, :end-row 2, :filename "mova/smoke/fixtures/buggy.clj", :from user, :name "require", :row 2}
{:col 29, :context {}, :end-col 32, :end-row 2, :filename "mova/smoke/fixtures/buggy.clj", :from user, :name "as", :row 2}
:local-usages 259
{:col 15, :end-col 16, :end-row 5, :filename "cli/integration-test/sample-test/src/sample_test/linked_editing_range/a.cljc", :id 173, :lang :clj, :name x, :name-col 15, :name-end-col 16, :name-end-row 5, :name-row 5, :row 5}
{:col 15, :end-col 16, :end-row 5, :filename "cli/integration-test/sample-test/src/sample_test/linked_editing_range/a.cljc", :id 174, :lang :cljs, :name x, :name-col 15, :name-end-col 16, :name-end-row 5, :name-row 5, :row 5}
{:col 17, :end-col 21, :end-row 19, :filename "lib/src/clojure_lsp/config.clj", :id 112, :name file, :name-col 17, :name-end-col 21, :name-end-row 19, :name-row 19, :row 19}
{:col 71, :end-col 75, :end-row 23, :filename "lib/src/clojure_lsp/config.clj", :id 112, :name file, :name-col 71, :name-end-col 75, :name-end-row 23, :name-row 23, :row 23}
{:col 105, :end-col 106, :end-row 23, :filename "lib/src/clojure_lsp/config.clj", :id 113, :name e, :name-col 105, :name-end-col 106, :name-end-row 23, :name-row 23, :row 23}
{:col 23, :end-col 24, :end-row 26, :filename "lib/src/clojure_lsp/config.clj", :id 114, :name p, :name-col 23, :name-end-col 24, :name-end-row 26, :name-row 26, :row 26}
{:col 18, :end-col 19, :end-row 29, :filename "lib/src/clojure_lsp/config.clj", :id 115, :name p, :name-col 18, :name-end-col 19, :name-end-row 29, :name-row 29, :row 29}
{:col 29, :end-col 44, :end-row 34, :filename "lib/src/clojure_lsp/config.clj", :id 116, :name xdg-config-home, :name-col 29, :name-end-col 44, :name-end-row 34, :name-row 34, :row 34}
{:col 39, :end-col 49, :end-row 36, :filename "lib/src/clojure_lsp/config.clj", :id 117, :name xdg-config, :name-col 39, :name-end-col 49, :name-end-row 36, :name-row 36, :row 36}
{:col 16, :end-col 26, :end-row 37, :filename "lib/src/clojure_lsp/config.clj", :id 117, :name xdg-config, :name-col 16, :name-end-col 26, :name-end-row 37, :name-row 37, :row 37}
{:col 16, :end-col 27, :end-row 38, :filename "lib/src/clojure_lsp/config.clj", :id 118, :name home-config, :name-col 16, :name-end-col 27, :name-end-row 38, :name-row 38, :row 38}
{:col 14, :end-col 18, :end-row 39, :filename "lib/src/clojure_lsp/config.clj", :id 119, :name path, :name-col 14, :name-end-col 18, :name-end-row 39, :name-row 39, :row 39}
{:col 14, :end-col 24, :end-row 44, :filename "lib/src/clojure_lsp/config.clj", :id 120, :name cache-home, :name-col 14, :name-end-col 24, :name-end-row 44, :name-row 44, :row 44}
{:col 59, :end-col 61, :end-row 47, :filename "lib/src/clojure_lsp/config.clj", :id 121, :name db, :name-col 59, :name-end-col 61, :name-end-row 47, :name-row 47, :row 47}
{:col 39, :end-col 41, :end-row 48, :filename "lib/src/clojure_lsp/config.clj", :id 121, :name db, :name-col 39, :name-end-col 41, :name-end-row 48, :name-row 48, :row 48}
{:col 31, :end-col 43, :end-row 50, :filename "lib/src/clojure_lsp/config.clj", :id 122, :name project-root, :name-col 31, :name-end-col 43, :name-end-row 50, :name-row 50, :row 50}
{:col 23, :end-col 39, :end-row 51, :filename "lib/src/clojure_lsp/config.clj", :id 124, :name overwritten-path, :name-col 23, :name-end-col 39, :name-end-row 51, :name-row 51, :row 51}
{:col 40, :end-col 47, :end-row 51, :filename "lib/src/clojure_lsp/config.clj", :id 125, :name default, :name-col 40, :name-end-col 47, :name-end-row 51, :name-row 51, :row 51}
{:col 58, :end-col 74, :end-row 54, :filename "lib/src/clojure_lsp/config.clj", :id 126, :name project-root-uri, :name-col 58, :name-end-col 74, :name-end-row 54, :name-row 54, :row 54}
{:col 14, :end-col 31, :end-row 55, :filename "lib/src/clojure_lsp/config.clj", :id 127, :name project-root-path, :name-col 14, :name-end-col 31, :name-end-row 55, :name-row 55, :row 55}
{:col 30, :end-col 52, :end-row 58, :filename "lib/src/clojure_lsp/config.clj", :id 128, :name global-lsp-config-file, :name-col 30, :name-end-col 52, :name-end-row 58, :name-row 58, :row 58}
{:col 20, :end-col 42, :end-row 59, :filename "lib/src/clojure_lsp/config.clj", :id 128, :name global-lsp-config-file, :name-col 20, :name-end-col 42, :name-end-row 59, :name-row 59, :row 59}
{:col 45, :end-col 61, :end-row 62, :filename "lib/src/clojure_lsp/config.clj", :id 129, :name project-root-uri, :name-col 45, :name-end-col 61, :name-end-row 62, :name-row 62, :row 62}
{:col 43, :end-col 59, :end-row 64, :filename "lib/src/clojure_lsp/config.clj", :id 129, :name project-root-uri, :name-col 43, :name-end-col 59, :name-end-row 64, :name-row 64, :row 64}
{:col 34, :end-col 37, :end-row 65, :filename "lib/src/clojure_lsp/config.clj", :id 131, :name dir, :name-col 34, :name-end-col 37, :name-end-row 65, :name-row 65, :row 65}
{:col 11, :end-col 17, :end-row 66, :filename "lib/src/clojure_lsp/config.clj", :id 134, :name parent, :name-col 11, :name-end-col 17, :name-end-row 66, :name-row 66, :row 66}
{:col 16, :end-col 22, :end-row 67, :filename "lib/src/clojure_lsp/config.clj", :id 134, :name parent, :name-col 16, :name-end-col 22, :name-end-row 67, :name-row 67, :row 67}
{:col 32, :end-col 39, :end-row 67, :filename "lib/src/clojure_lsp/config.clj", :id 132, :name configs, :name-col 32, :name-end-col 39, :name-end-row 67, :name-row 67, :row 67}
{:col 51, :end-col 55, :end-row 68, :filename "lib/src/clojure_lsp/config.clj", :id 133, :name file, :name-col 51, :name-end-col 55, :name-end-row 68, :name-row 68, :row 68}
{:col 56, :end-col 78, :end-row 69, :filename "lib/src/clojure_lsp/config.clj", :id 130, :name global-lsp-config-file, :name-col 56, :name-end-col 78, :name-end-row 69, :name-row 69, :row 69}
{:col 98, :end-col 102, :end-row 69, :filename "lib/src/clojure_lsp/config.clj", :id 133, :name file, :name-col 98, :name-end-col 102, :name-end-row 69, :name-row 69, :row 69}
{:col 49, :end-col 53, :end-row 70, :filename "lib/src/clojure_lsp/config.clj", :id 133, :name file, :name-col 49, :name-end-col 53, :name-end-row 70, :name-row 70, :row 70}
{:col 9, :end-col 16, :end-row 71, :filename "lib/src/clojure_lsp/config.clj", :id 132, :name configs, :name-col 9, :name-end-col 16, :name-end-row 71, :name-row 71, :row 71}
{:col 9, :end-col 25, :end-row 74, :filename "lib/src/clojure_lsp/config.clj", :id 136, :name project-root-uri, :name-col 9, :name-end-col 25, :name-end-row 74, :name-row 74, :row 74}
{:col 52, :end-col 68, :end-row 76, :filename "lib/src/clojure_lsp/config.clj", :id 136, :name project-root-uri, :name-col 52, :name-end-col 68, :name-end-row 76, :name-row 76, :row 76}
{:col 69, :end-col 91, :end-row 76, :filename "lib/src/clojure_lsp/config.clj", :id 137, :name global-lsp-config-file, :name-col 69, :name-end-col 91, :name-end-row 76, :name-row 76, :row 76}
{:col 45, :end-col 67, :end-row 79, :filename "lib/src/clojure_lsp/config.clj", :id 137, :name global-lsp-config-file, :name-col 45, :name-end-col 67, :name-end-row 79, :name-row 79, :row 79}
{:col 15, :end-col 30, :end-row 80, :filename "lib/src/clojure_lsp/config.clj", :id 138, :name project-configs, :name-col 15, :name-end-col 30, :name-end-row 80, :name-row 80, :row 80}
{:col 12, :end-col 28, :end-row 83, :filename "lib/src/clojure_lsp/config.clj", :id 139, :name project-settings, :name-col 12, :name-end-col 28, :name-end-row 83, :name-row 83, :row 83}
{:col 29, :end-col 33, :end-row 89, :filename "lib/src/clojure_lsp/config.clj", :id 140, :name file, :name-col 29, :name-end-col 33, :name-end-row 89, :name-row 89, :row 89}
{:col 37, :end-col 40, :end-row 90, :filename "lib/src/clojure_lsp/config.clj", :id 142, :name jar, :name-col 37, :name-end-col 40, :name-end-row 90, :name-row 90, :row 90}
{:col 47, :end-col 52, :end-row 92, :filename "lib/src/clojure_lsp/config.clj", :id 148, :name entry, :name-col 47, :name-end-col 52, :name-end-row 92, :name-row 92, :row 92}
{:col 48, :end-col 58, :end-row 93, :filename "lib/src/clojure_lsp/config.clj", :id 149, :name entry-name, :name-col 48, :name-end-col 58, :name-end-row 93, :name-row 93, :row 93}
{:col 45, :end-col 55, :end-row 94, :filename "lib/src/clojure_lsp/config.clj", :id 149, :name entry-name, :name-col 45, :name-end-col 55, :name-end-row 94, :name-row 94, :row 94}
{:col 67, :end-col 79, :end-row 96, :filename "lib/src/clojure_lsp/config.clj", :id 143, :name config-entry, :name-col 67, :name-end-col 79, :name-end-row 96, :name-row 96, :row 96}
{:col 59, :end-col 60, :end-row 97, :filename "lib/src/clojure_lsp/config.clj", :name-col 59, :name-end-col 60, :name-end-row 97, :name-row 97, :row 97}
{:col 61, :end-col 66, :end-row 97, :filename "lib/src/clojure_lsp/config.clj", :id 145, :name group, :name-col 61, :name-end-col 66, :name-end-row 97, :name-row 97, :row 97}
{:col 57, :end-col 58, :end-row 98, :filename "lib/src/clojure_lsp/config.clj", :name-col 57, :name-end-col 58, :name-end-row 98, :name-row 98, :row 98}
{:col 59, :end-col 67, :end-row 98, :filename "lib/src/clojure_lsp/config.clj", :id 146, :name artifact, :name-col 59, :name-end-col 67, :name-end-row 98, :name-row 98, :row 98}
{:col 70, :end-col 82, :end-row 98, :filename "lib/src/clojure_lsp/config.clj", :id 141, :name config-paths, :name-col 70, :name-end-col 82, :name-end-row 98, :name-row 98, :row 98}
{:col 104, :end-col 109, :end-row 99, :filename "lib/src/clojure_lsp/config.clj", :id 145, :name group, :name-col 104, :name-end-col 109, :name-end-row 99, :name-row 99, :row 99}
{:col 110, :end-col 118, :end-row 99, :filename "lib/src/clojure_lsp/config.clj", :id 146, :name artifact, :name-col 110, :name-end-col 118, :name-end-row 99, :name-row 99, :row 99}
{:col 63, :end-col 66, :end-row 101, :filename "lib/src/clojure_lsp/config.clj", :id 142, :name jar, :name-col 63, :name-end-col 66, :name-end-row 101, :name-row 101, :row 101}
{:col 67, :end-col 79, :end-row 101, :filename "lib/src/clojure_lsp/config.clj", :id 143, :name config-entry, :name-col 67, :name-end-col 79, :name-end-row 101, :name-row 101, :row 101}
{:col 41, :end-col 42, :end-row 107, :filename "lib/src/clojure_lsp/config.clj", :id 150, :name a, :name-col 41, :name-end-col 42, :name-end-row 107, :name-row 107, :row 107}
{:col 43, :end-col 44, :end-row 107, :filename "lib/src/clojure_lsp/config.clj", :id 151, :name b, :name-col 43, :name-end-col 44, :name-end-row 107, :name-row 107, :row 107}
{:col 12, :end-col 23, :end-row 109, :filename "lib/src/clojure_lsp/config.clj", :id 152, :name deep-merged, :name-col 12, :name-end-col 23, :name-end-row 109, :name-row 109, :row 109}
{:col 27, :end-col 28, :end-row 110, :filename "lib/src/clojure_lsp/config.clj", :id 150, :name a, :name-col 27, :name-end-col 28, :name-end-row 110, :name-row 110, :row 110}
{:col 27, :end-col 28, :end-row 111, :filename "lib/src/clojure_lsp/config.clj", :id 151, :name b, :name-col 27, :name-end-col 28, :name-end-row 111, :name-row 111, :row 111}
{:col 14, :end-col 25, :end-row 112, :filename "lib/src/clojure_lsp/config.clj", :id 152, :name deep-merged, :name-col 14, :name-end-col 25, :name-end-row 112, :name-row 112, :row 112}
{:col 50, :end-col 58, :end-row 113, :filename "lib/src/clojure_lsp/config.clj", :id 153, :name cljfmt-a, :name-col 50, :name-end-col 58, :name-end-row 113, :name-row 113, :row 113}
{:col 59, :end-col 67, :end-row 113, :filename "lib/src/clojure_lsp/config.clj", :id 154, :name cljfmt-b, :name-col 59, :name-end-col 67, :name-end-row 113, :name-row 113, :row 113}
{:col 34, :end-col 45, :end-row 115, :filename "lib/src/clojure_lsp/config.clj", :id 152, :name deep-merged, :name-col 34, :name-end-col 45, :name-end-row 115, :name-row 115, :row 115}
{:col 16, :end-col 27, :end-row 116, :filename "lib/src/clojure_lsp/config.clj", :id 152, :name deep-merged, :name-col 16, :name-end-col 27, :name-end-row 116, :name-row 116, :row 116}
{:col 31, :end-col 42, :end-row 118, :filename "lib/src/clojure_lsp/config.clj", :id 152, :name deep-merged, :name-col 31, :name-end-col 42, :name-end-row 118, :name-row 118, :row 118}
{:col 15, :end-col 26, :end-row 119, :filename "lib/src/clojure_lsp/config.clj", :id 152, :name deep-merged, :name-col 15, :name-end-col 26, :name-end-row 119, :name-row 119, :row 119}
{:col 65, :end-col 76, :end-row 120, :filename "lib/src/clojure_lsp/config.clj", :id 152, :name deep-merged, :name-col 65, :name-end-col 76, :name-end-row 120, :name-row 120, :row 120}
{:col 8, :end-col 19, :end-row 123, :filename "lib/src/clojure_lsp/config.clj", :id 152, :name deep-merged, :name-col 8, :name-end-col 19, :name-end-row 123, :name-row 123, :row 123}
{:col 48, :end-col 49, :end-row 125, :filename "lib/src/clojure_lsp/config.clj", :id 155, :name a, :name-col 48, :name-end-col 49, :name-end-row 125, :name-row 125, :row 125}
{:col 60, :end-col 61, :end-row 125, :filename "lib/src/clojure_lsp/config.clj", :id 156, :name b, :name-col 60, :name-end-col 61, :name-end-row 125, :name-row 125, :row 125}
{:col 62, :end-col 66, :end-row 125, :filename "lib/src/clojure_lsp/config.clj", :id 157, :name more, :name-col 62, :name-end-col 66, :name-end-row 125, :name-row 125, :row 125}
{:col 50, :end-col 62, :end-row 134, :filename "lib/src/clojure_lsp/config.clj", :id 159, :name kondo-config, :name-col 50, :name-end-col 62, :name-end-row 134, :name-row 134, :row 134}
{:col 36, :end-col 48, :end-row 136, :filename "lib/src/clojure_lsp/config.clj", :id 159, :name kondo-config, :name-col 36, :name-end-col 48, :name-end-row 136, :name-row 136, :row 136}
{:col 30, :end-col 42, :end-row 137, :filename "lib/src/clojure_lsp/config.clj", :id 159, :name kondo-config, :name-col 30, :name-end-col 42, :name-end-row 137, :name-row 137, :row 137}
{:col 5, :end-col 13, :end-row 138, :filename "lib/src/clojure_lsp/config.clj", :id 158, :name settings, :name-col 5, :name-end-col 13, :name-end-row 138, :name-row 138, :row 138}
{:col 42, :end-col 64, :end-row 141, :filename "lib/src/clojure_lsp/config.clj", :id 161, :name classpath-config-paths, :name-col 42, :name-end-col 64, :name-end-row 141, :name-row 141, :row 141}
{:col 40, :end-col 62, :end-row 142, :filename "lib/src/clojure_lsp/config.clj", :id 161, :name classpath-config-paths, :name-col 40, :name-end-col 62, :name-end-row 142, :name-row 142, :row 142}
{:col 31, :end-col 40, :end-row 143, :filename "lib/src/clojure_lsp/config.clj", :id 160, :name classpath, :name-col 31, :name-end-col 40, :name-end-row 143, :name-row 143, :row 143}
{:col 59, :end-col 60, :end-row 144, :filename "lib/src/clojure_lsp/config.clj", :name-col 59, :name-end-col 60, :name-end-row 144, :name-row 144, :row 144}
{:col 31, :end-col 40, :end-row 148, :filename "lib/src/clojure_lsp/config.clj", :id 164, :name jar-files, :name-col 31, :name-end-col 40, :name-end-row 148, :name-row 148, :row 148}
{:col 55, :end-col 56, :end-row 149, :filename "lib/src/clojure_lsp/config.clj", :name-col 55, :name-end-col 56, :name-end-row 149, :name-row 149, :row 149}
{:col 57, :end-col 72, :end-row 149, :filename "lib/src/clojure_lsp/config.clj", :id 162, :name cp-config-paths, :name-col 57, :name-end-col 72, :name-end-row 149, :name-row 149, :row 149}
{:col 49, :end-col 56, :end-row 153, :filename "lib/src/clojure_lsp/config.clj", :id 166, :name configs, :name-col 49, :name-end-col 56, :name-end-row 153, :name-row 153, :row 153}
{:col 15, :end-col 37, :end-row 156, :filename "lib/src/clojure_lsp/config.clj", :id 167, :name classpath-config-paths, :name-col 15, :name-end-col 37, :name-end-row 156, :name-row 156, :row 156}
{:col 13, :end-col 35, :end-row 157, :filename "lib/src/clojure_lsp/config.clj", :id 167, :name classpath-config-paths, :name-col 13, :name-end-col 35, :name-end-row 157, :name-row 157, :row 157}
{:col 103, :end-col 112, :end-row 162, :filename "lib/src/clojure_lsp/config.clj", :id 168, :name classpath, :name-col 103, :name-end-col 112, :name-end-row 162, :name-row 162, :row 162}
{:col 113, :end-col 121, :end-row 162, :filename "lib/src/clojure_lsp/config.clj", :id 169, :name settings, :name-col 113, :name-end-col 121, :name-end-row 162, :name-row 162, :row 162}
{:col 23, :end-col 45, :end-row 164, :filename "lib/src/clojure_lsp/config.clj", :id 170, :name classpath-config-paths, :name-col 23, :name-end-col 45, :name-end-row 164, :name-row 164, :row 164}
{:col 21, :end-col 43, :end-row 165, :filename "lib/src/clojure_lsp/config.clj", :id 170, :name classpath-config-paths, :name-col 21, :name-end-col 43, :name-end-row 165, :name-row 165, :row 165}
{:col 58, :end-col 67, :end-row 166, :filename "lib/src/clojure_lsp/config.clj", :id 168, :name classpath, :name-col 58, :name-end-col 67, :name-end-row 166, :name-row 166, :row 166}
{:col 68, :end-col 79, :end-row 166, :filename "lib/src/clojure_lsp/config.clj", :id 171, :name cp-settings, :name-col 68, :name-end-col 79, :name-end-row 166, :name-row 166, :row 166}
{:col 16, :end-col 27, :end-row 167, :filename "lib/src/clojure_lsp/config.clj", :id 171, :name cp-settings, :name-col 16, :name-end-col 27, :name-end-row 167, :name-row 167, :row 167}
{:col 28, :end-col 40, :end-row 168, :filename "lib/src/clojure_lsp/config.clj", :id 172, :name merge-config, :name-col 28, :name-end-col 40, :name-end-row 168, :name-row 168, :row 168}
{:col 41, :end-col 52, :end-row 168, :filename "lib/src/clojure_lsp/config.clj", :id 171, :name cp-settings, :name-col 41, :name-end-col 52, :name-end-row 168, :name-row 168, :row 168}
{:col 23, :end-col 24, :end-row 13, :filename "lib/src/clojure_lsp/diff.clj", :id 18, :name s, :name-col 23, :name-end-col 24, :name-end-row 13, :name-row 13, :row 13}
{:col 38, :end-col 40, :end-row 18, :filename "lib/src/clojure_lsp/diff.clj", :id 19, :name ss, :name-col 38, :name-end-col 40, :name-end-row 18, :name-row 18, :row 18}
{:col 18, :end-col 25, :end-row 22, :filename "lib/src/clojure_lsp/diff.clj", :id 20, :name old-uri, :name-col 18, :name-end-col 25, :name-end-row 22, :name-row 22, :row 22}
{:col 26, :end-col 33, :end-row 22, :filename "lib/src/clojure_lsp/diff.clj", :id 21, :name new-uri, :name-col 26, :name-end-col 33, :name-end-row 22, :name-row 22, :row 22}
{:col 34, :end-col 42, :end-row 22, :filename "lib/src/clojure_lsp/diff.clj", :id 22, :name original, :name-col 34, :name-end-col 42, :name-end-row 22, :name-row 22, :row 22}
{:col 43, :end-col 50, :end-row 22, :filename "lib/src/clojure_lsp/diff.clj", :id 23, :name revised, :name-col 43, :name-end-col 50, :name-end-row 22, :name-row 22, :row 22}
{:col 51, :end-col 67, :end-row 22, :filename "lib/src/clojure_lsp/diff.clj", :id 24, :name project-root-uri, :name-col 51, :name-end-col 67, :name-end-row 22, :name-row 22, :row 22}
{:col 45, :end-col 61, :end-row 24, :filename "lib/src/clojure_lsp/diff.clj", :id 29, :name project-root-uri, :name-col 45, :name-end-col 61, :name-end-row 24, :name-row 24, :row 24}
{:col 31, :end-col 38, :end-row 26, :filename "lib/src/clojure_lsp/diff.clj", :id 25, :name old-uri, :name-col 31, :name-end-col 38, :name-end-row 26, :name-row 26, :row 26}
{:col 59, :end-col 71, :end-row 28, :filename "lib/src/clojure_lsp/diff.clj", :id 31, :name project-path, :name-col 59, :name-end-col 71, :name-end-row 28, :name-row 28, :row 28}
{:col 31, :end-col 38, :end-row 29, :filename "lib/src/clojure_lsp/diff.clj", :id 26, :name new-uri, :name-col 31, :name-end-col 38, :name-end-row 29, :name-row 29, :row 29}
{:col 59, :end-col 71, :end-row 31, :filename "lib/src/clojure_lsp/diff.clj", :id 31, :name project-path, :name-col 59, :name-end-col 71, :name-end-row 31, :name-row 31, :row 31}
{:col 24, :end-col 32, :end-row 32, :filename "lib/src/clojure_lsp/diff.clj", :id 27, :name original, :name-col 24, :name-end-col 32, :name-end-row 32, :name-row 32, :row 32}
{:col 40, :end-col 48, :end-row 33, :filename "lib/src/clojure_lsp/diff.clj", :id 27, :name original, :name-col 40, :name-end-col 48, :name-end-row 33, :name-row 33, :row 33}
{:col 57, :end-col 64, :end-row 33, :filename "lib/src/clojure_lsp/diff.clj", :id 28, :name revised, :name-col 57, :name-end-col 64, :name-end-row 33, :name-row 33, :row 33}
{:col 17, :end-col 24, :end-row 34, :filename "lib/src/clojure_lsp/diff.clj", :id 30, :name context, :name-col 17, :name-end-col 24, :name-end-row 34, :name-row 34, :row 34}
{:col 44, :end-col 60, :end-row 38, :filename "lib/src/clojure_lsp/diff.clj", :id 34, :name project-root-uri, :name-col 44, :name-end-col 60, :name-end-row 38, :name-row 38, :row 38}
{:col 35, :end-col 42, :end-row 39, :filename "lib/src/clojure_lsp/diff.clj", :id 32, :name old-uri, :name-col 35, :name-end-col 42, :name-end-row 39, :name-row 39, :row 39}
{:col 63, :end-col 75, :end-row 41, :filename "lib/src/clojure_lsp/diff.clj", :id 35, :name project-path, :name-col 63, :name-end-col 75, :name-end-row 41, :name-row 41, :row 41}
{:col 33, :end-col 40, :end-row 42, :filename "lib/src/clojure_lsp/diff.clj", :id 33, :name new-uri, :name-col 33, :name-end-col 40, :name-end-row 42, :name-row 42, :row 42}
{:col 61, :end-col 73, :end-row 44, :filename "lib/src/clojure_lsp/diff.clj", :id 35, :name project-path, :name-col 61, :name-end-col 73, :name-end-row 44, :name-row 44, :row 44}
{:col 7, :end-col 16, :end-row 48, :filename "lib/src/clojure_lsp/diff.clj", :id 36, :name diff-text, :name-col 7, :name-end-col 16, :name-end-row 48, :name-row 48, :row 48}
{:col 24, :end-col 27, :end-row 13, :filename "lib/src/clojure_lsp/http.clj", :id 1, :name url, :name-col 24, :name-end-col 27, :name-end-row 13, :name-row 13, :row 13}
{:col 21, :end-col 24, :end-row 15, :filename "lib/src/clojure_lsp/http.clj", :id 1, :name url, :name-col 21, :name-end-col 24, :name-end-row 15, :name-row 15, :row 15}
{:col 53, :end-col 56, :end-row 16, :filename "lib/src/clojure_lsp/http.clj", :id 2, :name url, :name-col 53, :name-end-col 56, :name-end-row 16, :name-row 16, :row 16}
{:col 27, :end-col 31, :end-row 17, :filename "lib/src/clojure_lsp/http.clj", :id 3, :name conn, :name-col 27, :name-end-col 31, :name-end-row 17, :name-row 17, :row 17}
{:col 24, :end-col 28, :end-row 18, :filename "lib/src/clojure_lsp/http.clj", :id 3, :name conn, :name-col 24, :name-end-col 28, :name-end-row 18, :name-row 18, :row 18}
{:col 19, :end-col 23, :end-row 20, :filename "lib/src/clojure_lsp/http.clj", :id 3, :name conn, :name-col 19, :name-end-col 23, :name-end-row 20, :name-row 20, :row 20}
{:col 18, :end-col 20, :end-row 23, :filename "lib/src/clojure_lsp/http.clj", :id 4, :name ex, :name-col 18, :name-end-col 20, :name-end-row 23, :name-row 23, :row 23}
{:col 24, :end-col 28, :end-row 25, :filename "lib/src/clojure_lsp/http.clj", :id 3, :name conn, :name-col 24, :name-end-col 28, :name-end-row 25, :name-row 25, :row 25}
{:col 21, :end-col 24, :end-row 29, :filename "lib/src/clojure_lsp/http.clj", :id 5, :name url, :name-col 21, :name-end-col 24, :name-end-row 29, :name-row 29, :row 29}
{:col 53, :end-col 56, :end-row 30, :filename "lib/src/clojure_lsp/http.clj", :id 6, :name url, :name-col 53, :name-end-col 56, :name-end-row 30, :name-row 30, :row 30}
{:col 27, :end-col 31, :end-row 31, :filename "lib/src/clojure_lsp/http.clj", :id 7, :name conn, :name-col 27, :name-end-col 31, :name-end-row 31, :name-row 31, :row 31}
{:col 24, :end-col 28, :end-row 32, :filename "lib/src/clojure_lsp/http.clj", :id 7, :name conn, :name-col 24, :name-end-col 28, :name-end-row 32, :name-row 32, :row 32}
{:col 34, :end-col 38, :end-row 33, :filename "lib/src/clojure_lsp/http.clj", :id 7, :name conn, :name-col 34, :name-end-col 38, :name-end-row 33, :name-row 33, :row 33}
{:col 31, :end-col 35, :end-row 34, :filename "lib/src/clojure_lsp/http.clj", :id 7, :name conn, :name-col 31, :name-end-col 35, :name-end-row 34, :name-row 34, :row 34}
{:col 39, :end-col 43, :end-row 35, :filename "lib/src/clojure_lsp/http.clj", :id 7, :name conn, :name-col 39, :name-end-col 43, :name-end-row 35, :name-row 35, :row 35}
{:col 15, :end-col 17, :end-row 37, :filename "lib/src/clojure_lsp/http.clj", :id 8, :name ex, :name-col 15, :name-end-col 17, :name-end-row 37, :name-row 37, :row 37}
{:col 42, :end-col 48, :end-row 19, :filename "lib/src/clojure_lsp/logger.clj", :id 9, :name logger, :name-col 42, :name-end-col 48, :name-end-row 19, :name-row 19, :row 19}
{:col 28, :end-col 33, :end-row 22, :filename "lib/src/clojure_lsp/logger.clj", :name-col 28, :name-end-col 33, :name-end-row 22, :name-row 22, :row 22}
{:col 25, :end-col 30, :end-row 26, :filename "lib/src/clojure_lsp/logger.clj", :id 11, :name fmeta, :name-col 25, :name-end-col 30, :name-end-row 26, :name-row 26, :row 26}
{:col 33, :end-col 37, :end-row 26, :filename "lib/src/clojure_lsp/logger.clj", :id 10, :name args, :name-col 33, :name-end-col 37, :name-end-row 26, :name-row 26, :row 26}
{:col 28, :end-col 33, :end-row 29, :filename "lib/src/clojure_lsp/logger.clj", :name-col 28, :name-end-col 33, :name-end-row 29, :name-row 29, :row 29}
{:col 25, :end-col 30, :end-row 33, :filename "lib/src/clojure_lsp/logger.clj", :id 13, :name fmeta, :name-col 25, :name-end-col 30, :name-end-row 33, :name-row 33, :row 33}
{:col 33, :end-col 37, :end-row 33, :filename "lib/src/clojure_lsp/logger.clj", :id 12, :name args, :name-col 33, :name-end-col 37, :name-end-row 33, :name-row 33, :row 33}
{:col 28, :end-col 33, :end-row 36, :filename "lib/src/clojure_lsp/logger.clj", :name-col 28, :name-end-col 33, :name-end-row 36, :name-row 36, :row 36}
{:col 26, :end-col 31, :end-row 40, :filename "lib/src/clojure_lsp/logger.clj", :id 15, :name fmeta, :name-col 26, :name-end-col 31, :name-end-row 40, :name-row 40, :row 40}
{:col 34, :end-col 38, :end-row 40, :filename "lib/src/clojure_lsp/logger.clj", :id 14, :name args, :name-col 34, :name-end-col 38, :name-end-row 40, :name-row 40, :row 40}
{:col 28, :end-col 33, :end-row 43, :filename "lib/src/clojure_lsp/logger.clj", :name-col 28, :name-end-col 33, :name-end-row 43, :name-row 43, :row 43}
{:col 26, :end-col 31, :end-row 47, :filename "lib/src/clojure_lsp/logger.clj", :id 17, :name fmeta, :name-col 26, :name-end-col 31, :name-end-row 47, :name-row 47, :row 47}
{:col 34, :end-col 38, :end-row 47, :filename "lib/src/clojure_lsp/logger.clj", :id 16, :name args, :name-col 34, :name-end-col 38, :name-end-row 47, :name-row 47, :row 47}
{:col 33, :end-col 34, :end-row 15, :filename "lib/src/clojure_lsp/settings.clj", :id 80, :name n, :name-col 33, :name-end-col 34, :name-end-row 15, :name-row 15, :row 15}
{:col 31, :end-col 32, :end-row 16, :filename "lib/src/clojure_lsp/settings.clj", :id 80, :name n, :name-col 31, :name-end-col 32, :name-end-row 16, :name-row 16, :row 16}
{:col 22, :end-col 23, :end-row 17, :filename "lib/src/clojure_lsp/settings.clj", :id 80, :name n, :name-col 22, :name-end-col 23, :name-end-row 17, :name-row 17, :row 17}
{:col 18, :end-col 22, :end-row 18, :filename "lib/src/clojure_lsp/settings.clj", :id 79, :name root, :name-col 18, :name-end-col 22, :name-end-row 18, :name-row 18, :row 18}
{:col 12, :end-col 13, :end-row 21, :filename "lib/src/clojure_lsp/settings.clj", :id 81, :name m, :name-col 12, :name-end-col 13, :name-end-row 21, :name-row 21, :row 21}
{:col 51, :end-col 52, :end-row 22, :filename "lib/src/clojure_lsp/settings.clj", :name-col 51, :name-end-col 52, :name-end-row 22, :name-row 22, :row 22}
{:col 46, :end-col 47, :end-row 23, :filename "lib/src/clojure_lsp/settings.clj", :name-col 46, :name-end-col 47, :name-end-row 23, :name-row 23, :row 23}
{:col 36, :end-col 37, :end-row 24, :filename "lib/src/clojure_lsp/settings.clj", :name-col 36, :name-end-col 37, :name-end-row 24, :name-row 24, :row 24}
{:col 12, :end-col 13, :end-row 28, :filename "lib/src/clojure_lsp/settings.clj", :id 83, :name m, :name-col 12, :name-end-col 13, :name-end-row 28, :name-row 28, :row 28}
{:col 14, :end-col 19, :end-row 33, :filename "lib/src/clojure_lsp/settings.clj", :id 84, :name paths, :name-col 14, :name-end-col 19, :name-end-row 33, :name-row 33, :row 33}
{:col 10, :end-col 15, :end-row 34, :filename "lib/src/clojure_lsp/settings.clj", :id 84, :name paths, :name-col 10, :name-end-col 15, :name-end-row 34, :name-row 34, :row 34}
{:col 32, :end-col 33, :end-row 35, :filename "lib/src/clojure_lsp/settings.clj", :name-col 32, :name-end-col 33, :name-end-row 35, :name-row 35, :row 35}
{:col 44, :end-col 45, :end-row 36, :filename "lib/src/clojure_lsp/settings.clj", :name-col 44, :name-end-col 45, :name-end-row 36, :name-row 36, :row 36}
{:col 27, :end-col 28, :end-row 37, :filename "lib/src/clojure_lsp/settings.clj", :name-col 27, :name-end-col 28, :name-end-row 37, :name-row 37, :row 37}
{:col 21, :end-col 22, :end-row 38, :filename "lib/src/clojure_lsp/settings.clj", :name-col 21, :name-end-col 22, :name-end-row 38, :name-row 38, :row 38}
{:col 15, :end-col 16, :end-row 44, :filename "lib/src/clojure_lsp/settings.clj", :id 86, :name s, :name-col 15, :name-end-col 16, :name-end-row 44, :name-row 44, :row 44}
{:col 18, :end-col 19, :end-row 44, :filename "lib/src/clojure_lsp/settings.clj", :id 86, :name s, :name-col 18, :name-end-col 19, :name-end-row 44, :name-row 44, :row 44}
{:col 19, :end-col 20, :end-row 45, :filename "lib/src/clojure_lsp/settings.clj", :id 86, :name s, :name-col 19, :name-end-col 20, :name-end-row 45, :name-row 45, :row 45}
{:col 31, :end-col 32, :end-row 46, :filename "lib/src/clojure_lsp/settings.clj", :id 86, :name s, :name-col 31, :name-end-col 32, :name-end-row 46, :name-row 46, :row 46}
{:col 54, :end-col 55, :end-row 46, :filename "lib/src/clojure_lsp/settings.clj", :id 86, :name s, :name-col 54, :name-end-col 55, :name-end-row 46, :name-row 46, :row 46}
{:col 14, :end-col 15, :end-row 47, :filename "lib/src/clojure_lsp/settings.clj", :id 86, :name s, :name-col 14, :name-end-col 15, :name-end-row 47, :name-row 47, :row 47}
{:col 26, :end-col 27, :end-row 47, :filename "lib/src/clojure_lsp/settings.clj", :id 86, :name s, :name-col 26, :name-end-col 27, :name-end-row 47, :name-row 47, :row 47}
{:col 14, :end-col 21, :end-row 50, :filename "lib/src/clojure_lsp/settings.clj", :id 87, :name aliases, :name-col 14, :name-end-col 21, :name-end-row 50, :name-row 50, :row 50}
{:col 10, :end-col 17, :end-row 51, :filename "lib/src/clojure_lsp/settings.clj", :id 87, :name aliases, :name-col 10, :name-end-col 17, :name-end-row 51, :name-row 51, :row 51}
{:col 7, :end-col 22, :end-row 57, :filename "lib/src/clojure_lsp/settings.clj", :id 88, :name client-settings, :name-col 7, :name-end-col 22, :name-end-row 57, :name-row 57, :row 57}
{:col 39, :end-col 40, :end-row 58, :filename "lib/src/clojure_lsp/settings.clj", :name-col 39, :name-end-col 40, :name-end-row 58, :name-row 58, :row 58}
{:col 40, :end-col 41, :end-row 62, :filename "lib/src/clojure_lsp/settings.clj", :name-col 40, :name-end-col 41, :name-end-row 62, :name-row 62, :row 62}
{:col 55, :end-col 71, :end-row 69, :filename "lib/src/clojure_lsp/settings.clj", :id 91, :name project-root-uri, :name-col 55, :name-end-col 71, :name-end-row 69, :name-row 69, :row 69}
{:col 49, :end-col 57, :end-row 70, :filename "lib/src/clojure_lsp/settings.clj", :id 92, :name settings, :name-col 49, :name-end-col 57, :name-end-row 70, :name-row 70, :row 70}
{:col 49, :end-col 69, :end-row 71, :filename "lib/src/clojure_lsp/settings.clj", :id 95, :name new-project-settings, :name-col 49, :name-end-col 69, :name-end-row 71, :name-row 71, :row 71}
{:col 49, :end-col 63, :end-row 72, :filename "lib/src/clojure_lsp/settings.clj", :id 93, :name force-settings, :name-col 49, :name-end-col 63, :name-end-row 72, :name-row 72, :row 72}
{:col 50, :end-col 62, :end-row 73, :filename "lib/src/clojure_lsp/settings.clj", :id 94, :name kondo-config, :name-col 50, :name-end-col 62, :name-end-row 73, :name-row 73, :row 73}
{:col 16, :end-col 38, :end-row 84, :filename "lib/src/clojure_lsp/settings.clj", :id 96, :name settings-auto-refresh?, :name-col 16, :name-end-col 38, :name-end-row 84, :name-row 84, :row 84}
{:col 36, :end-col 39, :end-row 85, :filename "lib/src/clojure_lsp/settings.clj", :id 98, :name env, :name-col 36, :name-end-col 39, :name-end-row 85, :name-row 85, :row 85}
{:col 29, :end-col 45, :end-row 86, :filename "lib/src/clojure_lsp/settings.clj", :id 99, :name project-root-uri, :name-col 29, :name-end-col 45, :name-end-row 86, :name-row 86, :row 86}
{:col 46, :end-col 54, :end-row 86, :filename "lib/src/clojure_lsp/settings.clj", :id 100, :name settings, :name-col 46, :name-end-col 54, :name-end-row 86, :name-row 86, :row 86}
{:col 55, :end-col 69, :end-row 86, :filename "lib/src/clojure_lsp/settings.clj", :id 101, :name force-settings, :name-col 55, :name-end-col 69, :name-end-row 86, :name-row 86, :row 86}
{:col 70, :end-col 82, :end-row 86, :filename "lib/src/clojure_lsp/settings.clj", :id 97, :name kondo-config, :name-col 70, :name-end-col 82, :name-end-row 86, :name-row 86, :row 86}
{:col 24, :end-col 40, :end-row 87, :filename "lib/src/clojure_lsp/settings.clj", :id 99, :name project-root-uri, :name-col 24, :name-end-col 40, :name-end-row 87, :name-row 87, :row 87}
{:col 41, :end-col 49, :end-row 87, :filename "lib/src/clojure_lsp/settings.clj", :id 100, :name settings, :name-col 41, :name-end-col 49, :name-end-row 87, :name-row 87, :row 87}
{:col 50, :end-col 64, :end-row 87, :filename "lib/src/clojure_lsp/settings.clj", :id 101, :name force-settings, :name-col 50, :name-end-col 64, :name-end-row 87, :name-row 87, :row 87}
{:col 65, :end-col 77, :end-row 87, :filename "lib/src/clojure_lsp/settings.clj", :id 97, :name kondo-config, :name-col 65, :name-end-col 77, :name-end-row 87, :name-row 87, :row 87}
{:col 9, :end-col 11, :end-row 91, :filename "lib/src/clojure_lsp/settings.clj", :id 102, :name db, :name-col 9, :name-end-col 11, :name-end-row 91, :name-row 91, :row 91}
{:col 12, :end-col 15, :end-row 91, :filename "lib/src/clojure_lsp/settings.clj", :id 103, :name kws, :name-col 12, :name-end-col 15, :name-end-row 91, :name-row 91, :row 91}
{:col 17, :end-col 19, :end-row 93, :filename "lib/src/clojure_lsp/settings.clj", :id 104, :name db, :name-col 17, :name-end-col 19, :name-end-row 93, :name-row 93, :row 93}
{:col 21, :end-col 24, :end-row 93, :filename "lib/src/clojure_lsp/settings.clj", :id 105, :name kws, :name-col 21, :name-end-col 24, :name-end-row 93, :name-row 93, :row 93}
{:col 25, :end-col 32, :end-row 93, :filename "lib/src/clojure_lsp/settings.clj", :id 106, :name default, :name-col 25, :name-end-col 32, :name-end-row 93, :name-row 93, :row 93}
{:col 19, :end-col 22, :end-row 97, :filename "lib/src/clojure_lsp/settings.clj", :id 107, :name db*, :name-col 19, :name-end-col 22, :name-end-row 97, :name-row 97, :row 97}
{:col 33, :end-col 35, :end-row 98, :filename "lib/src/clojure_lsp/settings.clj", :id 109, :name db, :name-col 33, :name-end-col 35, :name-end-row 98, :name-row 98, :row 98}
{:col 41, :end-col 53, :end-row 99, :filename "lib/src/clojure_lsp/settings.clj", :id 110, :name old-settings, :name-col 41, :name-end-col 53, :name-end-row 99, :name-row 99, :row 99}
{:col 54, :end-col 62, :end-row 99, :filename "lib/src/clojure_lsp/settings.clj", :id 108, :name settings, :name-col 54, :name-end-col 62, :name-end-row 99, :name-row 99, :row 99}
{:col 12, :end-col 15, :end-row 100, :filename "lib/src/clojure_lsp/settings.clj", :id 107, :name db*, :name-col 12, :name-end-col 15, :name-end-row 100, :name-row 100, :row 100}
{:col 32, :end-col 44, :end-row 100, :filename "lib/src/clojure_lsp/settings.clj", :id 111, :name new-settings, :name-col 32, :name-end-col 44, :name-end-row 100, :name-row 100, :row 100}
{:col 15, :end-col 19, :end-row 19, :filename "lib/src/clojure_lsp/source_paths.clj", :id 37, :name deps, :name-col 15, :name-end-col 19, :name-end-row 19, :name-row 19, :row 19}
{:col 15, :end-col 19, :end-row 20, :filename "lib/src/clojure_lsp/source_paths.clj", :id 37, :name deps, :name-col 15, :name-end-col 19, :name-end-row 20, :name-row 20, :row 20}
{:col 24, :end-col 25, :end-row 21, :filename "lib/src/clojure_lsp/source_paths.clj", :name-col 24, :name-end-col 25, :name-end-row 21, :name-row 21, :row 21}
{:col 29, :end-col 33, :end-row 25, :filename "lib/src/clojure_lsp/source_paths.clj", :id 40, :name file, :name-col 29, :name-end-col 33, :name-end-row 25, :name-row 25, :row 25}
{:col 5, :end-col 9, :end-row 26, :filename "lib/src/clojure_lsp/source_paths.clj", :id 40, :name file, :name-col 5, :name-end-col 9, :name-end-row 26, :name-row 26, :row 26}
{:col 53, :end-col 62, :end-row 27, :filename "lib/src/clojure_lsp/source_paths.clj", :id 41, :name deps-file, :name-col 53, :name-end-col 62, :name-end-row 27, :name-row 27, :row 27}
{:col 64, :end-col 68, :end-row 27, :filename "lib/src/clojure_lsp/source_paths.clj", :id 40, :name file, :name-col 64, :name-end-col 68, :name-end-row 27, :name-row 27, :row 27}
{:col 65, :end-col 74, :end-row 31, :filename "lib/src/clojure_lsp/source_paths.clj", :id 42, :name deps-file, :name-col 65, :name-end-col 74, :name-end-row 31, :name-row 31, :row 31}
{:col 45, :end-col 53, :end-row 32, :filename "lib/src/clojure_lsp/source_paths.clj", :id 43, :name settings, :name-col 45, :name-end-col 53, :name-end-row 32, :name-row 32, :row 32}
{:col 47, :end-col 51, :end-row 33, :filename "lib/src/clojure_lsp/source_paths.clj", :id 44, :name deps, :name-col 47, :name-end-col 51, :name-end-row 33, :name-row 33, :row 33}
{:col 53, :end-col 63, :end-row 34, :filename "lib/src/clojure_lsp/source_paths.clj", :id 45, :name extra-deps, :name-col 53, :name-end-col 63, :name-end-row 34, :name-row 34, :row 34}
{:col 10, :end-col 24, :end-row 35, :filename "lib/src/clojure_lsp/source_paths.clj", :id 47, :name source-aliases, :name-col 10, :name-end-col 24, :name-end-row 35, :name-row 35, :row 35}
{:col 21, :end-col 28, :end-row 36, :filename "lib/src/clojure_lsp/source_paths.clj", :id 46, :name aliases, :name-col 21, :name-end-col 28, :name-end-row 36, :name-row 36, :row 36}
{:col 29, :end-col 30, :end-row 36, :filename "lib/src/clojure_lsp/source_paths.clj", :name-col 29, :name-end-col 30, :name-end-row 36, :name-row 36, :row 36}
{:col 49, :end-col 53, :end-row 38, :filename "lib/src/clojure_lsp/source_paths.clj", :id 51, :name deps, :name-col 49, :name-end-col 53, :name-end-row 38, :name-row 38, :row 38}
{:col 49, :end-col 59, :end-row 39, :filename "lib/src/clojure_lsp/source_paths.clj", :id 52, :name extra-deps, :name-col 49, :name-end-col 59, :name-end-row 39, :name-row 39, :row 39}
{:col 18, :end-col 34, :end-row 40, :filename "lib/src/clojure_lsp/source_paths.clj", :id 48, :name deps-local-roots, :name-col 18, :name-end-col 34, :name-end-row 40, :name-row 40, :row 40}
{:col 35, :end-col 57, :end-row 40, :filename "lib/src/clojure_lsp/source_paths.clj", :id 49, :name extra-deps-local-roots, :name-col 35, :name-end-col 57, :name-end-row 40, :name-row 40, :row 40}
{:col 39, :end-col 40, :end-row 41, :filename "lib/src/clojure_lsp/source_paths.clj", :name-col 39, :name-end-col 40, :name-end-row 41, :name-row 41, :row 41}
{:col 41, :end-col 50, :end-row 41, :filename "lib/src/clojure_lsp/source_paths.clj", :id 42, :name deps-file, :name-col 41, :name-end-col 50, :name-end-row 41, :name-row 41, :row 41}
{:col 36, :end-col 45, :end-row 48, :filename "lib/src/clojure_lsp/source_paths.clj", :id 54, :name root-path, :name-col 36, :name-end-col 45, :name-end-row 48, :name-row 48, :row 48}
{:col 27, :end-col 36, :end-row 49, :filename "lib/src/clojure_lsp/source_paths.clj", :id 55, :name classpath, :name-col 27, :name-end-col 36, :name-end-row 49, :name-row 49, :row 49}
{:col 72, :end-col 76, :end-row 52, :filename "lib/src/clojure_lsp/source_paths.clj", :id 58, :name path, :name-col 72, :name-end-col 76, :name-end-row 52, :name-row 52, :row 52}
{:col 56, :end-col 60, :end-row 53, :filename "lib/src/clojure_lsp/source_paths.clj", :id 58, :name path, :name-col 56, :name-end-col 60, :name-end-row 53, :name-row 53, :row 53}
{:col 56, :end-col 65, :end-row 54, :filename "lib/src/clojure_lsp/source_paths.clj", :id 56, :name root-path, :name-col 56, :name-end-col 65, :name-end-row 54, :name-row 54, :row 54}
{:col 66, :end-col 70, :end-row 54, :filename "lib/src/clojure_lsp/source_paths.clj", :id 58, :name path, :name-col 66, :name-end-col 70, :name-end-row 54, :name-row 54, :row 54}
{:col 53, :end-col 57, :end-row 55, :filename "lib/src/clojure_lsp/source_paths.clj", :id 59, :name path, :name-col 53, :name-end-col 57, :name-end-row 55, :name-row 55, :row 55}
{:col 50, :end-col 54, :end-row 57, :filename "lib/src/clojure_lsp/source_paths.clj", :id 57, :name path, :name-col 50, :name-end-col 54, :name-end-row 57, :name-row 57, :row 57}
{:col 55, :end-col 64, :end-row 57, :filename "lib/src/clojure_lsp/source_paths.clj", :id 56, :name root-path, :name-col 55, :name-end-col 64, :name-end-row 57, :name-row 57, :row 57}
{:col 16, :end-col 28, :end-row 59, :filename "lib/src/clojure_lsp/source_paths.clj", :id 60, :name source-paths, :name-col 16, :name-end-col 28, :name-end-row 59, :name-row 59, :row 59}
{:col 22, :end-col 34, :end-row 61, :filename "lib/src/clojure_lsp/source_paths.clj", :id 60, :name source-paths, :name-col 22, :name-end-col 34, :name-end-row 61, :name-row 61, :row 61}
{:col 25, :end-col 37, :end-row 62, :filename "lib/src/clojure_lsp/source_paths.clj", :id 60, :name source-paths, :name-col 25, :name-end-col 37, :name-end-row 62, :name-row 62, :row 62}
{:col 7, :end-col 25, :end-row 65, :filename "lib/src/clojure_lsp/source_paths.clj", :id 63, :name given-source-paths, :name-col 7, :name-end-col 25, :name-end-row 65, :name-row 65, :row 65}
{:col 20, :end-col 38, :end-row 66, :filename "lib/src/clojure_lsp/source_paths.clj", :id 63, :name given-source-paths, :name-col 20, :name-end-col 38, :name-end-row 66, :name-row 66, :row 66}
{:col 34, :end-col 43, :end-row 68, :filename "lib/src/clojure_lsp/source_paths.clj", :id 61, :name root-path, :name-col 34, :name-end-col 43, :name-end-row 68, :name-row 68, :row 68}
{:col 44, :end-col 53, :end-row 68, :filename "lib/src/clojure_lsp/source_paths.clj", :id 62, :name classpath, :name-col 44, :name-end-col 53, :name-end-row 68, :name-row 68, :row 68}
{:col 8, :end-col 20, :end-row 73, :filename "lib/src/clojure_lsp/source_paths.clj", :id 64, :name source-paths, :name-col 8, :name-end-col 20, :name-end-row 73, :name-row 73, :row 73}
{:col 73, :end-col 84, :end-row 76, :filename "lib/src/clojure_lsp/source_paths.clj", :id 68, :name source-path, :name-col 73, :name-end-col 84, :name-end-row 76, :name-row 76, :row 76}
{:col 90, :end-col 99, :end-row 76, :filename "lib/src/clojure_lsp/source_paths.clj", :id 65, :name root-path, :name-col 90, :name-end-col 99, :name-end-row 76, :name-row 76, :row 76}
{:col 51, :end-col 52, :end-row 77, :filename "lib/src/clojure_lsp/source_paths.clj", :name-col 51, :name-end-col 52, :name-end-row 77, :name-row 77, :row 77}
{:col 54, :end-col 74, :end-row 77, :filename "lib/src/clojure_lsp/source_paths.clj", :id 69, :name relative-source-path, :name-col 54, :name-end-col 74, :name-end-row 77, :name-row 77, :row 77}
{:col 76, :end-col 101, :end-row 77, :filename "lib/src/clojure_lsp/source_paths.clj", :id 66, :name source-paths-ignore-regex, :name-col 76, :name-end-col 101, :name-end-row 77, :name-row 77, :row 77}
{:col 20, :end-col 21, :end-row 78, :filename "lib/src/clojure_lsp/source_paths.clj", :name-col 20, :name-end-col 21, :name-end-row 78, :name-row 78, :row 78}
{:col 38, :end-col 47, :end-row 78, :filename "lib/src/clojure_lsp/source_paths.clj", :id 65, :name root-path, :name-col 38, :name-end-col 47, :name-end-row 78, :name-row 78, :row 78}
{:col 40, :end-col 48, :end-row 81, :filename "lib/src/clojure_lsp/source_paths.clj", :id 71, :name settings, :name-col 40, :name-end-col 48, :name-end-row 81, :name-row 81, :row 81}
{:col 62, :end-col 71, :end-row 82, :filename "lib/src/clojure_lsp/source_paths.clj", :id 72, :name root-path, :name-col 62, :name-end-col 71, :name-end-row 82, :name-row 82, :row 82}
{:col 72, :end-col 81, :end-row 82, :filename "lib/src/clojure_lsp/source_paths.clj", :id 73, :name classpath, :name-col 72, :name-end-col 81, :name-end-row 82, :name-row 82, :row 82}
{:col 82, :end-col 100, :end-row 82, :filename "lib/src/clojure_lsp/source_paths.clj", :id 74, :name given-source-paths, :name-col 82, :name-end-col 100, :name-end-row 82, :name-row 82, :row 82}
{:col 53, :end-col 65, :end-row 83, :filename "lib/src/clojure_lsp/source_paths.clj", :id 77, :name source-paths, :name-col 53, :name-end-col 65, :name-end-row 83, :name-row 83, :row 83}
{:col 66, :end-col 75, :end-row 83, :filename "lib/src/clojure_lsp/source_paths.clj", :id 72, :name root-path, :name-col 66, :name-end-col 75, :name-end-row 83, :name-row 83, :row 83}
{:col 76, :end-col 101, :end-row 83, :filename "lib/src/clojure_lsp/source_paths.clj", :id 75, :name source-paths-ignore-regex, :name-col 76, :name-end-col 101, :name-end-row 83, :name-row 83, :row 83}
{:col 22, :end-col 29, :end-row 84, :filename "lib/src/clojure_lsp/source_paths.clj", :id 76, :name origins, :name-col 22, :name-end-col 29, :name-end-row 84, :name-row 84, :row 84}
{:col 93, :end-col 111, :end-row 84, :filename "lib/src/clojure_lsp/source_paths.clj", :id 78, :name final-source-paths, :name-col 93, :name-end-col 111, :name-end-row 84, :name-row 84, :row 84}
{:col 22, :end-col 29, :end-row 85, :filename "lib/src/clojure_lsp/source_paths.clj", :id 76, :name origins, :name-col 22, :name-end-col 29, :name-end-row 85, :name-row 85, :row 85}
{:col 103, :end-col 121, :end-row 85, :filename "lib/src/clojure_lsp/source_paths.clj", :id 78, :name final-source-paths, :name-col 103, :name-end-col 121, :name-end-row 85, :name-row 85, :row 85}
{:col 22, :end-col 29, :end-row 86, :filename "lib/src/clojure_lsp/source_paths.clj", :id 76, :name origins, :name-col 22, :name-end-col 29, :name-end-row 86, :name-row 86, :row 86}
{:col 94, :end-col 112, :end-row 86, :filename "lib/src/clojure_lsp/source_paths.clj", :id 78, :name final-source-paths, :name-col 94, :name-end-col 112, :name-end-row 86, :name-row 86, :row 86}
{:col 5, :end-col 23, :end-row 87, :filename "lib/src/clojure_lsp/source_paths.clj", :id 78, :name final-source-paths, :name-col 5, :name-end-col 23, :name-end-row 87, :name-row 87, :row 87}
{:col 6, :end-col 7, :end-row 7, :filename "mova/smoke/fixtures/buggy.clj", :id 175, :name a, :name-col 6, :name-end-col 7, :name-end-row 7, :name-row 7, :row 7}
{:col 8, :end-col 9, :end-row 7, :filename "mova/smoke/fixtures/buggy.clj", :id 176, :name b, :name-col 8, :name-end-col 9, :name-end-row 7, :name-row 7, :row 7}
{:col 5, :end-col 11, :end-row 12, :filename "mova/smoke/fixtures/buggy.clj", :id 178, :name used-y, :name-col 5, :name-end-col 11, :name-end-row 12, :name-row 12, :row 12}
:locals 163
{:col 12, :derived-location nil, :end-col 13, :end-row 5, :filename "cli/integration-test/sample-test/src/sample_test/linked_editing_range/a.cljc", :id 173, :lang :clj, :name x, :row 5, :scope-end-col 17, :scope-end-row 5, :str "x"}
{:col 12, :derived-location nil, :end-col 13, :end-row 5, :filename "cli/integration-test/sample-test/src/sample_test/linked_editing_range/a.cljc", :id 174, :lang :cljs, :name x, :row 5, :scope-end-col 17, :scope-end-row 5, :str "x"}
{:col 36, :derived-location nil, :end-col 40, :end-row 17, :filename "lib/src/clojure_lsp/config.clj", :id 112, :name file, :row 17, :scope-end-col 112, :scope-end-row 23, :str "file"}
{:col 22, :derived-location nil, :end-col 23, :end-row 22, :filename "lib/src/clojure_lsp/config.clj", :id 113, :name e, :row 22, :scope-end-col 109, :scope-end-row 23, :str "e"}
{:col 21, :derived-location nil, :end-col 22, :end-row 25, :filename "lib/src/clojure_lsp/config.clj", :id 114, :name p, :row 25, :scope-end-col 26, :scope-end-row 26, :str "p"}
{:col 16, :derived-location nil, :end-col 17, :end-row 28, :filename "lib/src/clojure_lsp/config.clj", :id 115, :name p, :row 28, :scope-end-col 21, :scope-end-row 29, :str "p"}
{:col 9, :derived-location nil, :end-col 24, :end-row 32, :filename "lib/src/clojure_lsp/config.clj", :id 116, :name xdg-config-home, :row 32, :scope-end-col 34, :scope-end-row 39, :str "xdg-config-home"}
{:col 9, :derived-location nil, :end-col 19, :end-row 34, :filename "lib/src/clojure_lsp/config.clj", :id 117, :name xdg-config, :row 34, :scope-end-col 34, :scope-end-row 39, :str "xdg-config"}
{:col 9, :derived-location nil, :end-col 20, :end-row 35, :filename "lib/src/clojure_lsp/config.clj", :id 118, :name home-config, :row 35, :scope-end-col 34, :scope-end-row 39, :str "home-config"}
{:col 9, :derived-location nil, :end-col 13, :end-row 36, :filename "lib/src/clojure_lsp/config.clj", :id 119, :name path, :row 36, :scope-end-col 34, :scope-end-row 39, :str "path"}
{:col 9, :derived-location nil, :end-col 19, :end-row 42, :filename "lib/src/clojure_lsp/config.clj", :id 120, :name cache-home, :row 42, :scope-end-col 40, :scope-end-row 44, :str "cache-home"}
{:col 24, :derived-location nil, :end-col 26, :end-row 46, :filename "lib/src/clojure_lsp/config.clj", :id 121, :name db, :row 46, :scope-end-col 50, :scope-end-row 51, :str "db"}
{:col 9, :derived-location nil, :end-col 21, :end-row 47, :filename "lib/src/clojure_lsp/config.clj", :id 122, :name project-root, :row 47, :scope-end-col 49, :scope-end-row 51, :str "project-root"}
{:col 9, :derived-location nil, :end-col 25, :end-row 48, :filename "lib/src/clojure_lsp/config.clj", :id 124, :name overwritten-path, :row 48, :scope-end-col 49, :scope-end-row 51, :str "overwritten-path"}
{:col 9, :derived-location nil, :end-col 16, :end-row 50, :filename "lib/src/clojure_lsp/config.clj", :id 125, :name default, :row 50, :scope-end-col 49, :scope-end-row 51, :str "default"}
{:col 40, :derived-location nil, :end-col 56, :end-row 53, :filename "lib/src/clojure_lsp/config.clj", :id 126, :name project-root-uri, :row 53, :scope-end-col 54, :scope-end-row 55, :str "project-root-uri"}
{:col 9, :derived-location nil, :end-col 26, :end-row 54, :filename "lib/src/clojure_lsp/config.clj", :id 127, :name project-root-path, :row 54, :scope-end-col 53, :scope-end-row 55, :str "project-root-path"}
{:col 54, :derived-location nil, :end-col 76, :end-row 57, :filename "lib/src/clojure_lsp/config.clj", :id 128, :name global-lsp-config-file, :row 57, :scope-end-col 45, :scope-end-row 59, :str "global-lsp-config-file"}
{:col 42, :derived-location nil, :end-col 58, :end-row 61, :filename "lib/src/clojure_lsp/config.clj", :id 129, :name project-root-uri, :row 61, :scope-end-col 20, :scope-end-row 71, :str "project-root-uri"}
{:col 73, :derived-location nil, :end-col 95, :end-row 61, :filename "lib/src/clojure_lsp/config.clj", :id 130, :name global-lsp-config-file, :row 61, :scope-end-col 20, :scope-end-row 71, :str "global-lsp-config-file"}
{:col 10, :derived-location nil, :end-col 13, :end-row 62, :filename "lib/src/clojure_lsp/config.clj", :id 131, :name dir, :row 62, :scope-end-col 19, :scope-end-row 71, :str "dir"}
{:col 10, :derived-location nil, :end-col 17, :end-row 63, :filename "lib/src/clojure_lsp/config.clj", :id 132, :name configs, :row 63, :scope-end-col 19, :scope-end-row 71, :str "configs"}
{:col 11, :derived-location nil, :end-col 15, :end-row 64, :filename "lib/src/clojure_lsp/config.clj", :id 133, :name file, :row 64, :scope-end-col 18, :scope-end-row 71, :str "file"}
{:col 11, :derived-location nil, :end-col 17, :end-row 65, :filename "lib/src/clojure_lsp/config.clj", :id 134, :name parent, :row 65, :scope-end-col 18, :scope-end-row 71, :str "parent"}
{:col 25, :derived-location nil, :end-col 41, :end-row 73, :filename "lib/src/clojure_lsp/config.clj", :id 136, :name project-root-uri, :row 73, :scope-end-col 34, :scope-end-row 80, :str "project-root-uri"}
{:col 11, :derived-location nil, :end-col 33, :end-row 75, :filename "lib/src/clojure_lsp/config.clj", :id 137, :name global-lsp-config-file, :row 75, :scope-end-col 32, :scope-end-row 80, :str "global-lsp-config-file"}
{:col 11, :derived-location nil, :end-col 26, :end-row 76, :filename "lib/src/clojure_lsp/config.clj", :id 138, :name project-configs, :row 76, :scope-end-col 32, :scope-end-row 80, :str "project-configs"}
{:col 22, :derived-location nil, :end-col 38, :end-row 82, :filename "lib/src/clojure_lsp/config.clj", :id 139, :name project-settings, :row 82, :scope-end-col 21, :scope-end-row 85, :str "project-settings"}
{:col 18, :derived-location nil, :end-col 22, :end-row 88, :filename "lib/src/clojure_lsp/config.clj", :id 140, :name file, :row 88, :scope-end-col 89, :scope-end-row 101, :str "file"}
{:col 23, :derived-location nil, :end-col 35, :end-row 88, :filename "lib/src/clojure_lsp/config.clj", :id 141, :name config-paths, :row 88, :scope-end-col 89, :scope-end-row 101, :str "config-paths"}
{:col 15, :derived-location nil, :end-col 18, :end-row 89, :filename "lib/src/clojure_lsp/config.clj", :id 142, :name jar, :row 89, :scope-end-col 88, :scope-end-row 101, :str "jar"}
{:col 45, :derived-location nil, :end-col 50, :end-row 91, :filename "lib/src/clojure_lsp/config.clj", :id 148, :name entry, :row 91, :scope-end-col 72, :scope-end-row 94, :str "entry"}
{:col 26, :derived-location nil, :end-col 36, :end-row 92, :filename "lib/src/clojure_lsp/config.clj", :id 149, :name entry-name, :row 92, :scope-end-col 71, :scope-end-row 94, :str "entry-name"}
{:col 43, :derived-location nil, :end-col 55, :end-row 95, :filename "lib/src/clojure_lsp/config.clj", :id 143, :name config-entry, :row 95, :scope-end-col 85, :scope-end-row 101, :str "config-entry"}
{:col 25, :derived-location nil, :end-col 26, :end-row 96, :filename "lib/src/clojure_lsp/config.clj", :id 144, :name _, :row 96, :scope-end-col 84, :scope-end-row 101, :str "_"}
{:col 27, :derived-location nil, :end-col 32, :end-row 96, :filename "lib/src/clojure_lsp/config.clj", :id 145, :name group, :row 96, :scope-end-col 84, :scope-end-row 101, :str "group"}
{:col 33, :derived-location nil, :end-col 41, :end-row 96, :filename "lib/src/clojure_lsp/config.clj", :id 146, :name artifact, :row 96, :scope-end-col 84, :scope-end-row 101, :str "artifact"}
{:col 5, :derived-location nil, :end-col 6, :end-row 106, :filename "lib/src/clojure_lsp/config.clj", :id 150, :name a, :row 106, :scope-end-col 22, :scope-end-row 123, :str "a"}
{:col 7, :derived-location nil, :end-col 8, :end-row 106, :filename "lib/src/clojure_lsp/config.clj", :id 151, :name b, :row 106, :scope-end-col 22, :scope-end-row 123, :str "b"}
{:col 10, :derived-location nil, :end-col 21, :end-row 107, :filename "lib/src/clojure_lsp/config.clj", :id 152, :name deep-merged, :row 107, :scope-end-col 21, :scope-end-row 123, :str "deep-merged"}
{:col 14, :derived-location nil, :end-col 22, :end-row 110, :filename "lib/src/clojure_lsp/config.clj", :id 153, :name cljfmt-a, :row 110, :scope-end-col 70, :scope-end-row 113, :str "cljfmt-a"}
{:col 14, :derived-location nil, :end-col 22, :end-row 111, :filename "lib/src/clojure_lsp/config.clj", :id 154, :name cljfmt-b, :row 111, :scope-end-col 70, :scope-end-row 113, :str "cljfmt-b"}
{:col 5, :derived-location nil, :end-col 6, :end-row 124, :filename "lib/src/clojure_lsp/config.clj", :id 155, :name a, :row 124, :scope-end-col 69, :scope-end-row 125, :str "a"}
{:col 7, :derived-location nil, :end-col 8, :end-row 124, :filename "lib/src/clojure_lsp/config.clj", :id 156, :name b, :row 124, :scope-end-col 69, :scope-end-row 125, :str "b"}
{:col 11, :derived-location nil, :end-col 15, :end-row 124, :filename "lib/src/clojure_lsp/config.clj", :id 157, :name more, :row 124, :scope-end-col 69, :scope-end-row 125, :str "more"}
{:col 4, :derived-location nil, :end-col 12, :end-row 130, :filename "lib/src/clojure_lsp/config.clj", :id 158, :name settings, :row 130, :scope-end-col 15, :scope-end-row 138, :str "settings"}
{:col 13, :derived-location nil, :end-col 25, :end-row 130, :filename "lib/src/clojure_lsp/config.clj", :id 159, :name kondo-config, :row 130, :scope-end-col 15, :scope-end-row 138, :str "kondo-config"}
{:col 59, :derived-location nil, :end-col 68, :end-row 140, :filename "lib/src/clojure_lsp/config.clj", :id 160, :name classpath, :row 140, :scope-end-col 61, :scope-end-row 153, :str "classpath"}
{:col 77, :derived-location nil, :end-col 99, :end-row 140, :filename "lib/src/clojure_lsp/config.clj", :id 161, :name classpath-config-paths, :row 140, :scope-end-col 61, :scope-end-row 153, :str "classpath-config-paths"}
{:col 14, :derived-location nil, :end-col 29, :end-row 141, :filename "lib/src/clojure_lsp/config.clj", :id 162, :name cp-config-paths, :row 141, :scope-end-col 60, :scope-end-row 153, :str "cp-config-paths"}
{:col 16, :derived-location nil, :end-col 25, :end-row 143, :filename "lib/src/clojure_lsp/config.clj", :id 164, :name jar-files, :row 143, :scope-end-col 59, :scope-end-row 153, :str "jar-files"}
{:col 18, :derived-location nil, :end-col 25, :end-row 148, :filename "lib/src/clojure_lsp/config.clj", :id 166, :name configs, :row 148, :scope-end-col 58, :scope-end-row 153, :str "configs"}
{:col 40, :derived-location nil, :end-col 62, :end-row 155, :filename "lib/src/clojure_lsp/config.clj", :id 167, :name classpath-config-paths, :row 155, :scope-end-col 38, :scope-end-row 157, :str "classpath-config-paths"}
{:col 44, :derived-location nil, :end-col 53, :end-row 159, :filename "lib/src/clojure_lsp/config.clj", :id 168, :name classpath, :row 159, :scope-end-col 57, :scope-end-row 168, :str "classpath"}
{:col 54, :derived-location nil, :end-col 62, :end-row 159, :filename "lib/src/clojure_lsp/config.clj", :id 169, :name settings, :row 159, :scope-end-col 57, :scope-end-row 168, :str "settings"}
{:col 20, :derived-location nil, :end-col 42, :end-row 162, :filename "lib/src/clojure_lsp/config.clj", :id 170, :name classpath-config-paths, :row 162, :scope-end-col 55, :scope-end-row 168, :str "classpath-config-paths"}
{:col 48, :derived-location nil, :end-col 59, :end-row 162, :filename "lib/src/clojure_lsp/config.clj", :id 171, :name cp-settings, :row 162, :scope-end-col 55, :scope-end-row 168, :str "cp-settings"}
{:col 12, :derived-location nil, :end-col 24, :end-row 163, :filename "lib/src/clojure_lsp/config.clj", :id 172, :name merge-config, :row 163, :scope-end-col 55, :scope-end-row 168, :str "merge-config"}
{:col 4, :derived-location nil, :end-col 5, :end-row 12, :filename "lib/src/clojure_lsp/diff.clj", :id 18, :name s, :row 12, :scope-end-col 26, :scope-end-row 13, :str "s"}
{:col 4, :derived-location nil, :end-col 6, :end-row 17, :filename "lib/src/clojure_lsp/diff.clj", :id 19, :name ss, :row 17, :scope-end-col 42, :scope-end-row 18, :str "ss"}
{:col 5, :derived-location nil, :end-col 12, :end-row 21, :filename "lib/src/clojure_lsp/diff.clj", :id 20, :name old-uri, :row 21, :scope-end-col 71, :scope-end-row 22, :str "old-uri"}
{:col 13, :derived-location nil, :end-col 20, :end-row 21, :filename "lib/src/clojure_lsp/diff.clj", :id 21, :name new-uri, :row 21, :scope-end-col 71, :scope-end-row 22, :str "new-uri"}
{:col 21, :derived-location nil, :end-col 29, :end-row 21, :filename "lib/src/clojure_lsp/diff.clj", :id 22, :name original, :row 21, :scope-end-col 71, :scope-end-row 22, :str "original"}
{:col 30, :derived-location nil, :end-col 37, :end-row 21, :filename "lib/src/clojure_lsp/diff.clj", :id 23, :name revised, :row 21, :scope-end-col 71, :scope-end-row 22, :str "revised"}
{:col 38, :derived-location nil, :end-col 54, :end-row 21, :filename "lib/src/clojure_lsp/diff.clj", :id 24, :name project-root-uri, :row 21, :scope-end-col 71, :scope-end-row 22, :str "project-root-uri"}
{:col 5, :derived-location nil, :end-col 12, :end-row 23, :filename "lib/src/clojure_lsp/diff.clj", :id 25, :name old-uri, :row 23, :scope-end-col 28, :scope-end-row 34, :str "old-uri"}
{:col 13, :derived-location nil, :end-col 20, :end-row 23, :filename "lib/src/clojure_lsp/diff.clj", :id 26, :name new-uri, :row 23, :scope-end-col 28, :scope-end-row 34, :str "new-uri"}
{:col 21, :derived-location nil, :end-col 29, :end-row 23, :filename "lib/src/clojure_lsp/diff.clj", :id 27, :name original, :row 23, :scope-end-col 28, :scope-end-row 34, :str "original"}
{:col 30, :derived-location nil, :end-col 37, :end-row 23, :filename "lib/src/clojure_lsp/diff.clj", :id 28, :name revised, :row 23, :scope-end-col 28, :scope-end-row 34, :str "revised"}
{:col 38, :derived-location nil, :end-col 54, :end-row 23, :filename "lib/src/clojure_lsp/diff.clj", :id 29, :name project-root-uri, :row 23, :scope-end-col 28, :scope-end-row 34, :str "project-root-uri"}
{:col 55, :derived-location nil, :end-col 62, :end-row 23, :filename "lib/src/clojure_lsp/diff.clj", :id 30, :name context, :row 23, :scope-end-col 28, :scope-end-row 34, :str "context"}
{:col 10, :derived-location nil, :end-col 22, :end-row 24, :filename "lib/src/clojure_lsp/diff.clj", :id 31, :name project-path, :row 24, :scope-end-col 27, :scope-end-row 34, :str "project-path"}
{:col 4, :derived-location nil, :end-col 11, :end-row 37, :filename "lib/src/clojure_lsp/diff.clj", :id 32, :name old-uri, :row 37, :scope-end-col 20, :scope-end-row 45, :str "old-uri"}
{:col 12, :derived-location nil, :end-col 19, :end-row 37, :filename "lib/src/clojure_lsp/diff.clj", :id 33, :name new-uri, :row 37, :scope-end-col 20, :scope-end-row 45, :str "new-uri"}
{:col 20, :derived-location nil, :end-col 36, :end-row 37, :filename "lib/src/clojure_lsp/diff.clj", :id 34, :name project-root-uri, :row 37, :scope-end-col 20, :scope-end-row 45, :str "project-root-uri"}
{:col 9, :derived-location nil, :end-col 21, :end-row 38, :filename "lib/src/clojure_lsp/diff.clj", :id 35, :name project-path, :row 38, :scope-end-col 19, :scope-end-row 45, :str "project-path"}
{:col 22, :derived-location nil, :end-col 31, :end-row 47, :filename "lib/src/clojure_lsp/diff.clj", :id 36, :name diff-text, :row 47, :scope-end-col 77, :scope-end-row 55, :str "diff-text"}
{:col 33, :derived-location nil, :end-col 36, :end-row 12, :filename "lib/src/clojure_lsp/http.clj", :id 1, :name url, :row 12, :scope-end-col 34, :scope-end-row 25, :str "url"}
{:col 11, :derived-location nil, :end-col 14, :end-row 15, :filename "lib/src/clojure_lsp/http.clj", :id 2, :name url, :row 15, :scope-end-col 32, :scope-end-row 25, :str "url"}
{:col 11, :derived-location nil, :end-col 15, :end-row 16, :filename "lib/src/clojure_lsp/http.clj", :id 3, :name conn, :row 16, :scope-end-col 32, :scope-end-row 25, :str "conn"}
{:col 28, :derived-location nil, :end-col 30, :end-row 22, :filename "lib/src/clojure_lsp/http.clj", :id 4, :name ex, :row 22, :scope-end-col 21, :scope-end-row 23, :str "ex"}
{:col 25, :derived-location nil, :end-col 28, :end-row 27, :filename "lib/src/clojure_lsp/http.clj", :id 5, :name url, :row 27, :scope-end-col 21, :scope-end-row 37, :str "url"}
{:col 11, :derived-location nil, :end-col 14, :end-row 29, :filename "lib/src/clojure_lsp/http.clj", :id 6, :name url, :row 29, :scope-end-col 46, :scope-end-row 35, :str "url"}
{:col 11, :derived-location nil, :end-col 15, :end-row 30, :filename "lib/src/clojure_lsp/http.clj", :id 7, :name conn, :row 30, :scope-end-col 46, :scope-end-row 35, :str "conn"}
{:col 22, :derived-location nil, :end-col 24, :end-row 36, :filename "lib/src/clojure_lsp/http.clj", :id 8, :name ex, :row 36, :scope-end-col 18, :scope-end-row 37, :str "ex"}
{:col 20, :derived-location nil, :end-col 26, :end-row 18, :filename "lib/src/clojure_lsp/logger.clj", :id 9, :name logger, :row 18, :scope-end-col 51, :scope-end-row 19, :str "logger"}
{:col 19, :derived-location nil, :end-col 23, :end-row 21, :filename "lib/src/clojure_lsp/logger.clj", :id 10, :name args, :row 21, :scope-end-col 41, :scope-end-row 26, :str "args"}
{:col 9, :derived-location nil, :end-col 14, :end-row 22, :filename "lib/src/clojure_lsp/logger.clj", :id 11, :name fmeta, :row 22, :scope-end-col 40, :scope-end-row 26, :str "fmeta"}
{:col 19, :derived-location nil, :end-col 23, :end-row 28, :filename "lib/src/clojure_lsp/logger.clj", :id 12, :name args, :row 28, :scope-end-col 41, :scope-end-row 33, :str "args"}
{:col 9, :derived-location nil, :end-col 14, :end-row 29, :filename "lib/src/clojure_lsp/logger.clj", :id 13, :name fmeta, :row 29, :scope-end-col 40, :scope-end-row 33, :str "fmeta"}
{:col 20, :derived-location nil, :end-col 24, :end-row 35, :filename "lib/src/clojure_lsp/logger.clj", :id 14, :name args, :row 35, :scope-end-col 42, :scope-end-row 40, :str "args"}
{:col 9, :derived-location nil, :end-col 14, :end-row 36, :filename "lib/src/clojure_lsp/logger.clj", :id 15, :name fmeta, :row 36, :scope-end-col 41, :scope-end-row 40, :str "fmeta"}
{:col 20, :derived-location nil, :end-col 24, :end-row 42, :filename "lib/src/clojure_lsp/logger.clj", :id 16, :name args, :row 42, :scope-end-col 42, :scope-end-row 47, :str "args"}
{:col 9, :derived-location nil, :end-col 14, :end-row 43, :filename "lib/src/clojure_lsp/logger.clj", :id 17, :name fmeta, :row 43, :scope-end-col 41, :scope-end-row 47, :str "fmeta"}
{:col 21, :derived-location nil, :end-col 25, :end-row 13, :filename "lib/src/clojure_lsp/settings.clj", :id 79, :name root, :row 13, :scope-end-col 24, :scope-end-row 18, :str "root"}
{:col 23, :derived-location nil, :end-col 24, :end-row 14, :filename "lib/src/clojure_lsp/settings.clj", :id 80, :name n, :row 14, :scope-end-col 25, :scope-end-row 17, :str "n"}
{:col 26, :derived-location nil, :end-col 27, :end-row 20, :filename "lib/src/clojure_lsp/settings.clj", :id 81, :name m, :row 20, :scope-end-col 39, :scope-end-row 25, :str "m"}
{:col 24, :derived-location nil, :end-col 25, :end-row 27, :filename "lib/src/clojure_lsp/settings.clj", :id 83, :name m, :row 27, :scope-end-col 39, :scope-end-row 30, :str "m"}
{:col 27, :derived-location nil, :end-col 32, :end-row 32, :filename "lib/src/clojure_lsp/settings.clj", :id 84, :name paths, :row 32, :scope-end-col 24, :scope-end-row 40, :str "paths"}
{:col 19, :derived-location nil, :end-col 20, :end-row 42, :filename "lib/src/clojure_lsp/settings.clj", :id 86, :name s, :row 42, :scope-end-col 30, :scope-end-row 47, :str "s"}
{:col 29, :derived-location nil, :end-col 36, :end-row 49, :filename "lib/src/clojure_lsp/settings.clj", :id 87, :name aliases, :row 49, :scope-end-col 24, :scope-end-row 54, :str "aliases"}
{:col 30, :derived-location nil, :end-col 45, :end-row 56, :filename "lib/src/clojure_lsp/settings.clj", :id 88, :name client-settings, :row 56, :scope-end-col 66, :scope-end-row 66, :str "client-settings"}
{:col 41, :derived-location nil, :end-col 57, :end-row 68, :filename "lib/src/clojure_lsp/settings.clj", :id 91, :name project-root-uri, :row 68, :scope-end-col 66, :scope-end-row 73, :str "project-root-uri"}
{:col 58, :derived-location nil, :end-col 66, :end-row 68, :filename "lib/src/clojure_lsp/settings.clj", :id 92, :name settings, :row 68, :scope-end-col 66, :scope-end-row 73, :str "settings"}
{:col 67, :derived-location nil, :end-col 81, :end-row 68, :filename "lib/src/clojure_lsp/settings.clj", :id 93, :name force-settings, :row 68, :scope-end-col 66, :scope-end-row 73, :str "force-settings"}
{:col 82, :derived-location nil, :end-col 94, :end-row 68, :filename "lib/src/clojure_lsp/settings.clj", :id 94, :name kondo-config, :row 68, :scope-end-col 66, :scope-end-row 73, :str "kondo-config"}
{:col 9, :derived-location nil, :end-col 29, :end-row 69, :filename "lib/src/clojure_lsp/settings.clj", :id 95, :name new-project-settings, :row 69, :scope-end-col 65, :scope-end-row 73, :str "new-project-settings"}
{:col 12, :derived-location nil, :end-col 34, :end-row 83, :filename "lib/src/clojure_lsp/settings.clj", :id 96, :name settings-auto-refresh?, :row 83, :scope-end-col 80, :scope-end-row 87, :str "settings-auto-refresh?"}
{:col 35, :derived-location nil, :end-col 47, :end-row 83, :filename "lib/src/clojure_lsp/settings.clj", :id 97, :name kondo-config, :row 83, :scope-end-col 80, :scope-end-row 87, :str "kondo-config"}
{:col 48, :derived-location nil, :end-col 51, :end-row 83, :filename "lib/src/clojure_lsp/settings.clj", :id 98, :name env, :row 83, :scope-end-col 80, :scope-end-row 87, :str "env"}
{:col 52, :derived-location nil, :end-col 68, :end-row 83, :filename "lib/src/clojure_lsp/settings.clj", :id 99, :name project-root-uri, :row 83, :scope-end-col 80, :scope-end-row 87, :str "project-root-uri"}
{:col 69, :derived-location nil, :end-col 77, :end-row 83, :filename "lib/src/clojure_lsp/settings.clj", :id 100, :name settings, :row 83, :scope-end-col 80, :scope-end-row 87, :str "settings"}
{:col 78, :derived-location nil, :end-col 92, :end-row 83, :filename "lib/src/clojure_lsp/settings.clj", :id 101, :name force-settings, :row 83, :scope-end-col 80, :scope-end-row 87, :str "force-settings"}
{:col 5, :derived-location nil, :end-col 7, :end-row 90, :filename "lib/src/clojure_lsp/settings.clj", :id 102, :name db, :row 90, :scope-end-col 21, :scope-end-row 91, :str "db"}
{:col 8, :derived-location nil, :end-col 11, :end-row 90, :filename "lib/src/clojure_lsp/settings.clj", :id 103, :name kws, :row 90, :scope-end-col 21, :scope-end-row 91, :str "kws"}
{:col 5, :derived-location nil, :end-col 7, :end-row 92, :filename "lib/src/clojure_lsp/settings.clj", :id 104, :name db, :row 92, :scope-end-col 34, :scope-end-row 93, :str "db"}
{:col 8, :derived-location nil, :end-col 11, :end-row 92, :filename "lib/src/clojure_lsp/settings.clj", :id 105, :name kws, :row 92, :scope-end-col 34, :scope-end-row 93, :str "kws"}
{:col 12, :derived-location nil, :end-col 19, :end-row 92, :filename "lib/src/clojure_lsp/settings.clj", :id 106, :name default, :row 92, :scope-end-col 34, :scope-end-row 93, :str "default"}
{:col 4, :derived-location nil, :end-col 7, :end-row 96, :filename "lib/src/clojure_lsp/settings.clj", :id 107, :name db*, :row 96, :scope-end-col 47, :scope-end-row 100, :str "db*"}
{:col 8, :derived-location nil, :end-col 16, :end-row 96, :filename "lib/src/clojure_lsp/settings.clj", :id 108, :name settings, :row 96, :scope-end-col 47, :scope-end-row 100, :str "settings"}
{:col 9, :derived-location nil, :end-col 11, :end-row 97, :filename "lib/src/clojure_lsp/settings.clj", :id 109, :name db, :row 97, :scope-end-col 46, :scope-end-row 100, :str "db"}
{:col 9, :derived-location nil, :end-col 21, :end-row 98, :filename "lib/src/clojure_lsp/settings.clj", :id 110, :name old-settings, :row 98, :scope-end-col 46, :scope-end-row 100, :str "old-settings"}
{:col 9, :derived-location nil, :end-col 21, :end-row 99, :filename "lib/src/clojure_lsp/settings.clj", :id 111, :name new-settings, :row 99, :scope-end-col 46, :scope-end-row 100, :str "new-settings"}
{:col 38, :derived-location nil, :end-col 42, :end-row 18, :filename "lib/src/clojure_lsp/source_paths.clj", :id 37, :name deps, :row 18, :scope-end-col 26, :scope-end-row 22, :str "deps"}
{:col 40, :derived-location nil, :end-col 44, :end-row 24, :filename "lib/src/clojure_lsp/source_paths.clj", :id 40, :name file, :row 24, :scope-end-col 72, :scope-end-row 27, :str "file"}
{:col 51, :derived-location nil, :end-col 60, :end-row 24, :filename "lib/src/clojure_lsp/source_paths.clj", :id 41, :name deps-file, :row 24, :scope-end-col 72, :scope-end-row 27, :str "deps-file"}
{:col 4, :derived-location nil, :end-col 13, :end-row 30, :filename "lib/src/clojure_lsp/source_paths.clj", :id 42, :name deps-file, :row 30, :scope-end-col 26, :scope-end-row 42, :str "deps-file"}
{:col 14, :derived-location nil, :end-col 22, :end-row 30, :filename "lib/src/clojure_lsp/source_paths.clj", :id 43, :name settings, :row 30, :scope-end-col 26, :scope-end-row 42, :str "settings"}
{:col 17, :derived-location nil, :end-col 21, :end-row 31, :filename "lib/src/clojure_lsp/source_paths.clj", :id 44, :name deps, :row 31, :scope-end-col 25, :scope-end-row 42, :str "deps"}
{:col 22, :derived-location nil, :end-col 32, :end-row 31, :filename "lib/src/clojure_lsp/source_paths.clj", :id 45, :name extra-deps, :row 31, :scope-end-col 25, :scope-end-row 42, :str "extra-deps"}
{:col 33, :derived-location nil, :end-col 40, :end-row 31, :filename "lib/src/clojure_lsp/source_paths.clj", :id 46, :name aliases, :row 31, :scope-end-col 25, :scope-end-row 42, :str "aliases"}
{:col 9, :derived-location nil, :end-col 23, :end-row 32, :filename "lib/src/clojure_lsp/source_paths.clj", :id 47, :name source-aliases, :row 32, :scope-end-col 25, :scope-end-row 42, :str "source-aliases"}
{:col 9, :derived-location nil, :end-col 25, :end-row 33, :filename "lib/src/clojure_lsp/source_paths.clj", :id 48, :name deps-local-roots, :row 33, :scope-end-col 25, :scope-end-row 42, :str "deps-local-roots"}
{:col 9, :derived-location nil, :end-col 31, :end-row 34, :filename "lib/src/clojure_lsp/source_paths.clj", :id 49, :name extra-deps-local-roots, :row 34, :scope-end-col 25, :scope-end-row 42, :str "extra-deps-local-roots"}
{:col 31, :derived-location nil, :end-col 35, :end-row 37, :filename "lib/src/clojure_lsp/source_paths.clj", :id 51, :name deps, :row 37, :scope-end-col 62, :scope-end-row 39, :str "deps"}
{:col 36, :derived-location nil, :end-col 46, :end-row 37, :filename "lib/src/clojure_lsp/source_paths.clj", :id 52, :name extra-deps, :row 37, :scope-end-col 62, :scope-end-row 39, :str "extra-deps"}
{:col 62, :derived-location nil, :end-col 71, :end-row 44, :filename "lib/src/clojure_lsp/source_paths.clj", :id 54, :name root-path, :row 44, :scope-end-col 41, :scope-end-row 62, :str "root-path"}
{:col 72, :derived-location nil, :end-col 81, :end-row 44, :filename "lib/src/clojure_lsp/source_paths.clj", :id 55, :name classpath, :row 44, :scope-end-col 41, :scope-end-row 62, :str "classpath"}
{:col 9, :derived-location nil, :end-col 18, :end-row 48, :filename "lib/src/clojure_lsp/source_paths.clj", :id 56, :name root-path, :row 48, :scope-end-col 40, :scope-end-row 62, :str "root-path"}
{:col 9, :derived-location nil, :end-col 21, :end-row 49, :filename "lib/src/clojure_lsp/source_paths.clj", :id 60, :name source-paths, :row 49, :scope-end-col 40, :scope-end-row 62, :str "source-paths"}
{:col 37, :derived-location nil, :end-col 41, :end-row 51, :filename "lib/src/clojure_lsp/source_paths.clj", :id 58, :name path, :row 51, :scope-end-col 60, :scope-end-row 55, :str "path"}
{:col 40, :derived-location nil, :end-col 44, :end-row 52, :filename "lib/src/clojure_lsp/source_paths.clj", :id 59, :name path, :row 52, :scope-end-col 59, :scope-end-row 55, :str "path"}
{:col 60, :derived-location nil, :end-col 64, :end-row 56, :filename "lib/src/clojure_lsp/source_paths.clj", :id 57, :name path, :row 56, :scope-end-col 66, :scope-end-row 57, :str "path"}
{:col 39, :derived-location nil, :end-col 48, :end-row 64, :filename "lib/src/clojure_lsp/source_paths.clj", :id 61, :name root-path, :row 64, :scope-end-col 34, :scope-end-row 70, :str "root-path"}
{:col 49, :derived-location nil, :end-col 58, :end-row 64, :filename "lib/src/clojure_lsp/source_paths.clj", :id 62, :name classpath, :row 64, :scope-end-col 34, :scope-end-row 70, :str "classpath"}
{:col 59, :derived-location nil, :end-col 77, :end-row 64, :filename "lib/src/clojure_lsp/source_paths.clj", :id 63, :name given-source-paths, :row 64, :scope-end-col 34, :scope-end-row 70, :str "given-source-paths"}
{:col 42, :derived-location nil, :end-col 54, :end-row 72, :filename "lib/src/clojure_lsp/source_paths.clj", :id 64, :name source-paths, :row 72, :scope-end-col 74, :scope-end-row 78, :str "source-paths"}
{:col 55, :derived-location nil, :end-col 64, :end-row 72, :filename "lib/src/clojure_lsp/source_paths.clj", :id 65, :name root-path, :row 72, :scope-end-col 74, :scope-end-row 78, :str "root-path"}
{:col 65, :derived-location nil, :end-col 90, :end-row 72, :filename "lib/src/clojure_lsp/source_paths.clj", :id 66, :name source-paths-ignore-regex, :row 72, :scope-end-col 74, :scope-end-row 78, :str "source-paths-ignore-regex"}
{:col 21, :derived-location nil, :end-col 32, :end-row 75, :filename "lib/src/clojure_lsp/source_paths.clj", :id 68, :name source-path, :row 75, :scope-end-col 104, :scope-end-row 77, :str "source-path"}
{:col 24, :derived-location nil, :end-col 44, :end-row 76, :filename "lib/src/clojure_lsp/source_paths.clj", :id 69, :name relative-source-path, :row 76, :scope-end-col 103, :scope-end-row 77, :str "relative-source-path"}
{:col 29, :derived-location nil, :end-col 37, :end-row 80, :filename "lib/src/clojure_lsp/source_paths.clj", :id 71, :name settings, :row 80, :scope-end-col 25, :scope-end-row 87, :str "settings"}
{:col 38, :derived-location nil, :end-col 47, :end-row 80, :filename "lib/src/clojure_lsp/source_paths.clj", :id 72, :name root-path, :row 80, :scope-end-col 25, :scope-end-row 87, :str "root-path"}
{:col 48, :derived-location nil, :end-col 57, :end-row 80, :filename "lib/src/clojure_lsp/source_paths.clj", :id 73, :name classpath, :row 80, :scope-end-col 25, :scope-end-row 87, :str "classpath"}
{:col 58, :derived-location nil, :end-col 76, :end-row 80, :filename "lib/src/clojure_lsp/source_paths.clj", :id 74, :name given-source-paths, :row 80, :scope-end-col 25, :scope-end-row 87, :str "given-source-paths"}
{:col 9, :derived-location nil, :end-col 34, :end-row 81, :filename "lib/src/clojure_lsp/source_paths.clj", :id 75, :name source-paths-ignore-regex, :row 81, :scope-end-col 24, :scope-end-row 87, :str "source-paths-ignore-regex"}
{:col 17, :derived-location nil, :end-col 24, :end-row 82, :filename "lib/src/clojure_lsp/source_paths.clj", :id 76, :name origins, :row 82, :scope-end-col 24, :scope-end-row 87, :str "origins"}
{:col 25, :derived-location nil, :end-col 37, :end-row 82, :filename "lib/src/clojure_lsp/source_paths.clj", :id 77, :name source-paths, :row 82, :scope-end-col 24, :scope-end-row 87, :str "source-paths"}
{:col 9, :derived-location nil, :end-col 27, :end-row 83, :filename "lib/src/clojure_lsp/source_paths.clj", :id 78, :name final-source-paths, :row 83, :scope-end-col 24, :scope-end-row 87, :str "final-source-paths"}
{:col 4, :derived-location nil, :end-col 5, :end-row 6, :filename "mova/smoke/fixtures/buggy.clj", :id 175, :name a, :row 6, :scope-end-col 11, :scope-end-row 7, :str "a"}
{:col 6, :derived-location nil, :end-col 7, :end-row 6, :filename "mova/smoke/fixtures/buggy.clj", :id 176, :name b, :row 6, :scope-end-col 11, :scope-end-row 7, :str "b"}
{:col 9, :derived-location nil, :end-col 17, :end-row 10, :filename "mova/smoke/fixtures/buggy.clj", :id 177, :name unused-x, :row 10, :scope-end-col 12, :scope-end-row 12, :str "unused-x"}
{:col 9, :derived-location nil, :end-col 15, :end-row 11, :filename "mova/smoke/fixtures/buggy.clj", :id 178, :name used-y, :row 11, :scope-end-col 12, :scope-end-row 12, :str "used-y"}
:namespace-definitions 10
{:col 1, :end-col 40, :end-row 1, :filename "cli/integration-test/sample-test/src/sample_test/linked_editing_range/a.cljc", :lang :clj, :name sample-test.linked-editing-range.a, :name-col 5, :name-end-col 39, :name-end-row 1, :name-row 1, :row 1}
{:col 1, :end-col 40, :end-row 1, :filename "cli/integration-test/sample-test/src/sample_test/linked_editing_range/a.cljc", :lang :cljs, :name sample-test.linked-editing-range.a, :name-col 5, :name-end-col 39, :name-end-row 1, :name-row 1, :row 1}
{:col 1, :end-col 50, :end-row 11, :filename "lib/src/clojure_lsp/config.clj", :name clojure-lsp.config, :name-col 5, :name-end-col 23, :name-end-row 1, :name-row 1, :row 1}
{:col 1, :end-col 25, :end-row 6, :filename "lib/src/clojure_lsp/diff.clj", :name clojure-lsp.diff, :name-col 5, :name-end-col 21, :name-end-row 1, :name-row 1, :row 1}
{:col 1, :end-col 40, :end-row 5, :filename "lib/src/clojure_lsp/http.clj", :name clojure-lsp.http, :name-col 5, :name-end-col 21, :name-end-row 1, :name-row 1, :row 1}
{:col 1, :end-col 24, :end-row 1, :filename "lib/src/clojure_lsp/logger.clj", :name clojure-lsp.logger, :name-col 5, :name-end-col 23, :name-end-row 1, :name-row 1, :row 1}
{:col 1, :doc "An interface for sending messages to a 'client', whether that's an editor,\n  the CLI, or a no-op producer for tests.", :end-col 44, :end-row 3, :filename "lib/src/clojure_lsp/producer.clj", :name clojure-lsp.producer, :name-col 5, :name-end-col 25, :name-end-row 1, :name-row 1, :row 1}
{:col 1, :end-col 30, :end-row 9, :filename "lib/src/clojure_lsp/settings.clj", :name clojure-lsp.settings, :name-col 5, :name-end-col 25, :name-end-row 1, :name-row 1, :row 1}
{:col 1, :end-col 20, :end-row 9, :filename "lib/src/clojure_lsp/source_paths.clj", :name clojure-lsp.source-paths, :name-col 5, :name-end-col 29, :name-end-row 1, :name-row 1, :row 1}
{:col 1, :end-col 39, :end-row 2, :filename "mova/smoke/fixtures/buggy.clj", :name mova.smoke.fixtures.buggy, :name-col 5, :name-end-col 30, :name-end-row 1, :name-row 1, :row 1}
:namespace-usages 20
{:alias logger, :alias-col 28, :alias-end-col 34, :alias-end-row 3, :alias-row 3, :col 5, :filename "lib/src/clojure_lsp/config.clj", :from clojure-lsp.config, :name-col 5, :name-end-col 23, :name-end-row 3, :name-row 3, :row 3, :to clojure-lsp.logger}
{:alias shared, :alias-col 28, :alias-end-col 34, :alias-end-row 4, :alias-row 4, :col 5, :filename "lib/src/clojure_lsp/config.clj", :from clojure-lsp.config, :name-col 5, :name-end-col 23, :name-end-row 4, :name-row 4, :row 4, :to clojure-lsp.shared}
{:alias edn, :alias-col 21, :alias-end-col 24, :alias-end-row 5, :alias-row 5, :col 5, :filename "lib/src/clojure_lsp/config.clj", :from clojure-lsp.config, :name-col 5, :name-end-col 16, :name-end-row 5, :name-row 5, :row 5, :to clojure.edn}
{:alias io, :alias-col 25, :alias-end-col 27, :alias-end-row 6, :alias-row 6, :col 5, :filename "lib/src/clojure_lsp/config.clj", :from clojure-lsp.config, :name-col 5, :name-end-col 20, :name-end-row 6, :name-row 6, :row 6, :to clojure.java.io}
{:alias string, :alias-col 24, :alias-end-col 30, :alias-end-row 7, :alias-row 7, :col 5, :filename "lib/src/clojure_lsp/config.clj", :from clojure-lsp.config, :name-col 5, :name-end-col 19, :name-end-row 7, :name-row 7, :row 7, :to clojure.string}
{:alias medley, :alias-col 21, :alias-end-col 27, :alias-end-row 8, :alias-row 8, :col 5, :filename "lib/src/clojure_lsp/config.clj", :from clojure-lsp.config, :name-col 5, :name-end-col 16, :name-end-row 8, :name-row 8, :row 8, :to medley.core}
{:alias shared, :alias-col 28, :alias-end-col 34, :alias-end-row 3, :alias-row 3, :col 5, :filename "lib/src/clojure_lsp/diff.clj", :from clojure-lsp.diff, :name-col 5, :name-end-col 23, :name-end-row 3, :name-row 3, :row 3, :to clojure-lsp.shared}
{:alias string, :alias-col 24, :alias-end-col 30, :alias-end-row 4, :alias-row 4, :col 5, :filename "lib/src/clojure_lsp/diff.clj", :from clojure-lsp.diff, :name-col 5, :name-end-col 19, :name-end-row 4, :name-row 4, :row 4, :to clojure.string}
{:alias config, :alias-col 28, :alias-end-col 34, :alias-end-row 4, :alias-row 4, :col 5, :filename "lib/src/clojure_lsp/settings.clj", :from clojure-lsp.settings, :name-col 5, :name-end-col 23, :name-end-row 4, :name-row 4, :row 4, :to clojure-lsp.config}
{:alias shared, :alias-col 28, :alias-end-col 34, :alias-end-row 5, :alias-row 5, :col 5, :filename "lib/src/clojure_lsp/settings.clj", :from clojure-lsp.settings, :name-col 5, :name-end-col 23, :name-end-row 5, :name-row 5, :row 5, :to clojure-lsp.shared}
{:alias memoize, :alias-col 30, :alias-end-col 37, :alias-end-row 6, :alias-row 6, :col 5, :filename "lib/src/clojure_lsp/settings.clj", :from clojure-lsp.settings, :name-col 5, :name-end-col 25, :name-end-row 6, :name-row 6, :row 6, :to clojure.core.memoize}
{:alias string, :alias-col 24, :alias-end-col 30, :alias-end-row 7, :alias-row 7, :col 5, :filename "lib/src/clojure_lsp/settings.clj", :from clojure-lsp.settings, :name-col 5, :name-end-col 19, :name-end-row 7, :name-row 7, :row 7, :to clojure.string}
{:alias walk, :alias-col 22, :alias-end-col 26, :alias-end-row 8, :alias-row 8, :col 5, :filename "lib/src/clojure_lsp/settings.clj", :from clojure-lsp.settings, :name-col 5, :name-end-col 17, :name-end-row 8, :name-row 8, :row 8, :to clojure.walk}
{:alias medley, :alias-col 21, :alias-end-col 27, :alias-end-row 9, :alias-row 9, :col 5, :filename "lib/src/clojure_lsp/settings.clj", :from clojure-lsp.settings, :name-col 5, :name-end-col 16, :name-end-row 9, :name-row 9, :row 9, :to medley.core}
{:alias fs, :alias-col 21, :alias-end-col 23, :alias-end-row 3, :alias-row 3, :col 5, :filename "lib/src/clojure_lsp/source_paths.clj", :from clojure-lsp.source-paths, :name-col 5, :name-end-col 16, :name-end-row 3, :name-row 3, :row 3, :to babashka.fs}
{:alias config, :alias-col 28, :alias-end-col 34, :alias-end-row 4, :alias-row 4, :col 5, :filename "lib/src/clojure_lsp/source_paths.clj", :from clojure-lsp.source-paths, :name-col 5, :name-end-col 23, :name-end-row 4, :name-row 4, :row 4, :to clojure-lsp.config}
{:alias logger, :alias-col 28, :alias-end-col 34, :alias-end-row 5, :alias-row 5, :col 5, :filename "lib/src/clojure_lsp/source_paths.clj", :from clojure-lsp.source-paths, :name-col 5, :name-end-col 23, :name-end-row 5, :name-row 5, :row 5, :to clojure-lsp.logger}
{:alias shared, :alias-col 28, :alias-end-col 34, :alias-end-row 6, :alias-row 6, :col 5, :filename "lib/src/clojure_lsp/source_paths.clj", :from clojure-lsp.source-paths, :name-col 5, :name-end-col 23, :name-end-row 6, :name-row 6, :row 6, :to clojure-lsp.shared}
{:alias io, :alias-col 25, :alias-end-col 27, :alias-end-row 7, :alias-row 7, :col 5, :filename "lib/src/clojure_lsp/source_paths.clj", :from clojure-lsp.source-paths, :name-col 5, :name-end-col 20, :name-end-row 7, :name-row 7, :row 7, :to clojure.java.io}
{:alias str, :alias-col 33, :alias-end-col 36, :alias-end-row 2, :alias-row 2, :col 14, :filename "mova/smoke/fixtures/buggy.clj", :from mova.smoke.fixtures.buggy, :name-col 14, :name-end-col 28, :name-end-row 2, :name-row 2, :row 2, :to clojure.string}
:protocol-impls 0
:symbols 0
:var-definitions 83
{:callstack [{:name def, :ns cljs.core}], :col 1, :defined-by cljs.core/def, :defined-by->lint-as cljs.core/def, :end-col 12, :end-row 3, :filename "cli/integration-test/sample-test/src/sample_test/linked_editing_range/a.cljc", :lang :cljs, :meta {}, :name bar, :name-col 6, :name-end-col 9, :name-end-row 3, :name-row 3, :ns sample-test.linked-editing-range.a, :row 3}
{:callstack [{:name def, :ns clojure.core}], :col 1, :defined-by clojure.core/def, :defined-by->lint-as clojure.core/def, :end-col 12, :end-row 3, :filename "cli/integration-test/sample-test/src/sample_test/linked_editing_range/a.cljc", :lang :clj, :meta {}, :name bar, :name-col 6, :name-end-col 9, :name-end-row 3, :name-row 3, :ns sample-test.linked-editing-range.a, :row 3}
{:arglist-strs ["[x]"], :callstack [{:name defn, :ns cljs.core}], :col 1, :defined-by cljs.core/defn, :defined-by->lint-as cljs.core/defn, :end-col 17, :end-row 5, :filename "cli/integration-test/sample-test/src/sample_test/linked_editing_range/a.cljc", :fixed-arities #{1}, :lang :cljs, :meta {}, :name foo, :name-col 7, :name-end-col 10, :name-end-row 5, :name-row 5, :ns sample-test.linked-editing-range.a, :row 5}
{:arglist-strs ["[x]"], :callstack [{:name defn, :ns clojure.core}], :col 1, :defined-by clojure.core/defn, :defined-by->lint-as clojure.core/defn, :end-col 17, :end-row 5, :filename "cli/integration-test/sample-test/src/sample_test/linked_editing_range/a.cljc", :fixed-arities #{1}, :lang :clj, :meta {}, :name foo, :name-col 7, :name-end-col 10, :name-end-row 5, :name-row 5, :ns sample-test.linked-editing-range.a, :row 5}
{:callstack [{:name def, :ns clojure.core}], :col 1, :defined-by clojure.core/def, :defined-by->lint-as clojure.core/def, :end-col 53, :end-row 15, :filename "lib/src/clojure_lsp/config.clj", :meta {}, :name default-source-path-ignore-regexs, :name-col 6, :name-end-col 39, :name-end-row 15, :name-row 15, :ns clojure-lsp.config, :row 15}
{:arglist-strs ["[file]"], :callstack [{:name defn, :ns clojure.core}], :col 1, :defined-by clojure.core/defn, :defined-by->lint-as clojure.core/defn, :end-col 112, :end-row 23, :filename "lib/src/clojure_lsp/config.clj", :fixed-arities #{1}, :meta {}, :name read-edn-file, :name-col 7, :name-end-col 20, :name-end-row 17, :name-row 17, :ns clojure-lsp.config, :row 17}
{:arglist-strs ["[p]"], :callstack [{:name defn, :ns clojure.core}], :col 1, :defined-by clojure.core/defn, :defined-by->lint-as clojure.core/defn, :end-col 26, :end-row 26, :filename "lib/src/clojure_lsp/config.clj", :fixed-arities #{1}, :meta {}, :name get-property, :name-col 7, :name-end-col 19, :name-end-row 25, :name-row 25, :ns clojure-lsp.config, :row 25}
{:arglist-strs ["[p]"], :callstack [{:name defn, :ns clojure.core}], :col 1, :defined-by clojure.core/defn, :defined-by->lint-as clojure.core/defn, :end-col 21, :end-row 29, :filename "lib/src/clojure_lsp/config.clj", :fixed-arities #{1}, :meta {}, :name get-env, :name-col 7, :name-end-col 14, :name-end-row 28, :name-row 28, :ns clojure-lsp.config, :row 28}
{:arglist-strs ["[]"], :callstack [{:name defn, :ns clojure.core}], :col 1, :defined-by clojure.core/defn, :defined-by->lint-as clojure.core/defn, :end-col 35, :end-row 39, :filename "lib/src/clojure_lsp/config.clj", :fixed-arities #{0}, :meta {}, :name global-config-file, :name-col 7, :name-end-col 25, :name-end-row 31, :name-row 31, :ns clojure-lsp.config, :row 31}
{:arglist-strs ["[]"], :callstack [{:name defn, :ns clojure.core}], :col 1, :defined-by clojure.core/defn, :defined-by->lint-as clojure.core/defn, :end-col 41, :end-row 44, :filename "lib/src/clojure_lsp/config.clj", :fixed-arities #{0}, :meta {}, :name global-cache-dir, :name-col 7, :name-end-col 23, :name-end-row 41, :name-row 41, :ns clojure-lsp.config, :row 41}
{:arglist-strs ["[db]"], :callstack [{:name defn, :ns clojure.core}], :col 1, :defined-by clojure.core/defn, :defined-by->lint-as clojure.core/defn, :end-col 50, :end-row 51, :filename "lib/src/clojure_lsp/config.clj", :fixed-arities #{1}, :meta {}, :name local-cache-dir, :name-col 7, :name-end-col 22, :name-end-row 46, :name-row 46, :ns clojure-lsp.config, :row 46}
{:arglist-strs ["[project-root-uri]"], :callstack [{:name defn, :ns clojure.core}], :col 1, :defined-by clojure.core/defn, :defined-by->lint-as clojure.core/defn, :end-col 54, :end-row 55, :filename "lib/src/clojure_lsp/config.clj", :fixed-arities #{1}, :meta {}, :name local-project-config-file, :name-col 7, :name-end-col 32, :name-end-row 53, :name-row 53, :ns clojure-lsp.config, :row 53}
{:arglist-strs ["[global-lsp-config-file]"], :callstack [{:name defn, :ns clojure.core}], :col 1, :defined-by clojure.core/defn, :defined-by->lint-as clojure.core/defn, :end-col 45, :end-row 59, :filename "lib/src/clojure_lsp/config.clj", :fixed-arities #{1}, :meta {}, :name resolve-global-config, :name-col 17, :name-end-col 38, :name-end-row 57, :name-row 57, :ns clojure-lsp.config, :private true, :row 57}
{:arglist-strs ["[project-root-uri global-lsp-config-file]"], :callstack [{:name defn, :ns clojure.core}], :col 1, :defined-by clojure.core/defn, :defined-by->lint-as clojure.core/defn, :end-col 20, :end-row 71, :filename "lib/src/clojure_lsp/config.clj", :fixed-arities #{2}, :meta {}, :name resolve-project-configs, :name-col 17, :name-end-col 40, :name-end-row 61, :name-row 61, :ns clojure-lsp.config, :private true, :row 61}
{:arglist-strs ["[project-root-uri]"], :callstack [{:name defn, :ns clojure.core}], :col 1, :defined-by clojure.core/defn, :defined-by->lint-as clojure.core/defn, :end-col 34, :end-row 80, :filename "lib/src/clojure_lsp/config.clj", :fixed-arities #{1}, :meta {}, :name resolve-for-root, :name-col 7, :name-end-col 23, :name-end-row 73, :name-row 73, :ns clojure-lsp.config, :row 73}
{:arglist-strs ["[project-settings]"], :callstack [{:name defn, :ns clojure.core}], :col 1, :defined-by clojure.core/defn, :defined-by->lint-as clojure.core/defn, :end-col 21, :end-row 85, :filename "lib/src/clojure_lsp/config.clj", :fixed-arities #{1}, :meta {}, :name settings-hash, :name-col 7, :name-end-col 20, :name-end-row 82, :name-row 82, :ns clojure-lsp.config, :row 82}
{:arglist-strs ["[file config-paths]"], :callstack [{:name defn, :ns clojure.core}], :col 1, :defined-by clojure.core/defn, :defined-by->lint-as clojure.core/defn, :end-col 89, :end-row 101, :filename "lib/src/clojure_lsp/config.clj", :fixed-arities #{2}, :meta {}, :name jar-file->config, :name-col 17, :name-end-col 33, :name-end-row 87, :name-row 87, :ns clojure-lsp.config, :private true, :row 87}
{:arglist-strs ["[a b]" "[a b & more]"], :callstack [{:name defn, :ns clojure.core}], :col 1, :defined-by clojure.core/defn, :defined-by->lint-as clojure.core/defn, :doc "Deep merge a with b checking for specific keys related to\n  clojure-lsp settings to avoid wrong duplicated values.", :end-col 70, :end-row 125, :filename "lib/src/clojure_lsp/config.clj", :fixed-arities #{2}, :meta {}, :name deep-merge-considering-settings, :name-col 7, :name-end-col 38, :name-end-row 103, :name-row 103, :ns clojure-lsp.config, :row 103, :varargs-min-arity 2}
{:arglist-strs ["[settings kondo-config]"], :callstack [{:name defn, :ns clojure.core}], :col 1, :defined-by clojure.core/defn, :defined-by->lint-as clojure.core/defn, :doc "The built-in linters used to live on kondo,\n   to avoid breaking changes we consider kondo config settings.", :end-col 15, :end-row 138, :filename "lib/src/clojure_lsp/config.clj", :fixed-arities #{2}, :meta {}, :name with-legacy-linters-kondo-config, :name-col 7, :name-end-col 39, :name-end-row 127, :name-row 127, :ns clojure-lsp.config, :row 127}
{:arglist-strs ["[classpath {:keys [classpath-config-paths]}]"], :callstack [{:name defn, :ns clojure.core}], :col 1, :defined-by clojure.core/defn, :defined-by->lint-as clojure.core/defn, :end-col 61, :end-row 153, :filename "lib/src/clojure_lsp/config.clj", :fixed-arities #{2}, :meta {}, :name resolve-from-classpath-config-paths-impl, :name-col 17, :name-end-col 57, :name-end-row 140, :name-row 140, :ns clojure-lsp.config, :private true, :row 140}
{:arglist-strs ["[{:keys [classpath-config-paths]}]"], :callstack [{:name defn, :ns clojure.core}], :col 1, :defined-by clojure.core/defn, :defined-by->lint-as clojure.core/defn, :end-col 38, :end-row 157, :filename "lib/src/clojure_lsp/config.clj", :fixed-arities #{1}, :meta {}, :name classpath-config-paths?, :name-col 7, :name-end-col 30, :name-end-row 155, :name-row 155, :ns clojure-lsp.config, :row 155}
{:arglist-strs ["[classpath settings]"], :callstack [{:name defn, :ns clojure.core}], :col 1, :defined-by clojure.core/defn, :defined-by->lint-as clojure.core/defn, :end-col 57, :end-row 168, :filename "lib/src/clojure_lsp/config.clj", :fixed-arities #{2}, :meta {}, :name resolve-from-classpath-config-paths, :name-col 7, :name-end-col 42, :name-end-row 159, :name-row 159, :ns clojure-lsp.config, :row 159}
{:arglist-strs ["[s]"], :callstack [{:name defn-, :ns clojure.core}], :col 1, :defined-by clojure.core/defn-, :defined-by->lint-as clojure.core/defn-, :doc "Splits S on `\n` or `\r\n`.", :end-col 26, :end-row 13, :filename "lib/src/clojure_lsp/diff.clj", :fixed-arities #{1}, :meta {}, :name lines, :name-col 8, :name-end-col 13, :name-end-row 10, :name-row 10, :ns clojure-lsp.diff, :private true, :row 10}
{:arglist-strs ["[ss]"], :callstack [{:name defn-, :ns clojure.core}], :col 1, :defined-by clojure.core/defn-, :defined-by->lint-as clojure.core/defn-, :doc "Joins SS strings coll using the system's line separator.", :end-col 42, :end-row 18, :filename "lib/src/clojure_lsp/diff.clj", :fixed-arities #{1}, :meta {}, :name unlines, :name-col 8, :name-end-col 15, :name-end-row 15, :name-row 15, :ns clojure-lsp.diff, :private true, :row 15}
{:arglist-strs ["[old-uri new-uri original revised project-root-uri]" "[old-uri new-uri original revised project-root-uri context]"], :callstack [{:name defn, :ns clojure.core}], :col 1, :defined-by clojure.core/defn, :defined-by->lint-as clojure.core/defn, :end-col 29, :end-row 34, :filename "lib/src/clojure_lsp/diff.clj", :fixed-arities #{5 6}, :meta {}, :name unified-diff, :name-col 7, :name-end-col 19, :name-end-row 20, :name-row 20, :ns clojure-lsp.diff, :row 20}
{:arglist-strs ["[old-uri new-uri project-root-uri]"], :callstack [{:name defn, :ns clojure.core}], :col 1, :defined-by clojure.core/defn, :defined-by->lint-as clojure.core/defn, :end-col 20, :end-row 45, :filename "lib/src/clojure_lsp/diff.clj", :fixed-arities #{3}, :meta {}, :name rename-diff, :name-col 7, :name-end-col 18, :name-end-row 36, :name-row 36, :ns clojure-lsp.diff, :row 36}
{:arglist-strs ["[diff-text]"], :callstack [{:name defn, :ns clojure.core}], :col 1, :defined-by clojure.core/defn, :defined-by->lint-as clojure.core/defn, :end-col 77, :end-row 55, :filename "lib/src/clojure_lsp/diff.clj", :fixed-arities #{1}, :meta {}, :name colorize-diff, :name-col 7, :name-end-col 20, :name-end-row 47, :name-row 47, :ns clojure-lsp.diff, :row 47}
{:callstack [{:name def, :ns clojure.core}], :col 1, :defined-by clojure.core/def, :defined-by->lint-as clojure.core/def, :end-col 48, :end-row 9, :filename "lib/src/clojure_lsp/http.clj", :meta {}, :name default-connect-timeout-ms, :name-col 16, :name-end-col 42, :name-end-row 9, :name-row 9, :ns clojure-lsp.http, :private true, :row 9}
{:callstack [{:name def, :ns clojure.core}], :col 1, :defined-by clojure.core/def, :defined-by->lint-as clojure.core/def, :end-col 46, :end-row 10, :filename "lib/src/clojure_lsp/http.clj", :meta {}, :name default-read-timeout-ms, :name-col 16, :name-end-col 39, :name-end-row 10, :name-row 10, :ns clojure-lsp.http, :private true, :row 10}
{:arglist-strs ["[url]"], :callstack [{:name defn, :ns clojure.core}], :col 1, :defined-by clojure.core/defn, :defined-by->lint-as clojure.core/defn, :end-col 34, :end-row 25, :filename "lib/src/clojure_lsp/http.clj", :fixed-arities #{1}, :meta {}, :name test-remote-url!, :name-col 7, :name-end-col 23, :name-end-row 12, :name-row 12, :ns clojure-lsp.http, :row 12}
{:arglist-strs ["[url]"], :callstack [{:name defn, :ns clojure.core}], :col 1, :defined-by clojure.core/defn, :defined-by->lint-as clojure.core/defn, :end-col 21, :end-row 37, :filename "lib/src/clojure_lsp/http.clj", :fixed-arities #{1}, :meta {}, :name request!, :name-col 7, :name-end-col 15, :name-end-row 27, :name-row 27, :ns clojure-lsp.http, :row 27}
{:callstack [{:name defprotocol, :ns clojure.core}], :col 1, :defined-by clojure.core/defprotocol, :defined-by->lint-as clojure.core/defprotocol, :end-col 81, :end-row 12, :filename "lib/src/clojure_lsp/logger.clj", :meta {}, :name ILogger, :name-col 14, :name-end-col 21, :name-end-row 3, :name-row 3, :ns clojure-lsp.logger, :row 3}
{:arglist-strs ["[this]"], :callstack [{:name defprotocol, :ns clojure.core}], :col 3, :defined-by clojure.core/defprotocol, :defined-by->lint-as clojure.core/defprotocol, :end-col 17, :end-row 4, :filename "lib/src/clojure_lsp/logger.clj", :fixed-arities #{1}, :meta {}, :name setup, :name-col 4, :name-end-col 9, :name-end-row 4, :name-row 4, :ns clojure-lsp.logger, :protocol-name ILogger, :protocol-ns clojure-lsp.logger, :row 4}
{:arglist-strs ["[_this log-path]"], :callstack [{:name defprotocol, :ns clojure.core}], :col 3, :defined-by clojure.core/defprotocol, :defined-by->lint-as clojure.core/defprotocol, :end-col 34, :end-row 6, :filename "lib/src/clojure_lsp/logger.clj", :fixed-arities #{2}, :meta {}, :name set-log-path, :name-col 4, :name-end-col 16, :name-end-row 6, :name-row 6, :ns clojure-lsp.logger, :protocol-name ILogger, :protocol-ns clojure-lsp.logger, :row 6}
{:arglist-strs ["[_this otlp-config]"], :callstack [{:name defprotocol, :ns clojure.core}], :col 3, :defined-by clojure.core/defprotocol, :defined-by->lint-as clojure.core/defprotocol, :end-col 39, :end-row 7, :filename "lib/src/clojure_lsp/logger.clj", :fixed-arities #{2}, :meta {}, :name configure-otlp, :name-col 4, :name-end-col 18, :name-end-row 7, :name-row 7, :ns clojure-lsp.logger, :protocol-name ILogger, :protocol-ns clojure-lsp.logger, :row 7}
{:arglist-strs ["[this fmeta arg1]" "[this fmeta arg1 arg2]" "[this fmeta arg1 arg2 arg3]"], :callstack [{:name defprotocol, :ns clojure.core}], :col 3, :defined-by clojure.core/defprotocol, :defined-by->lint-as clojure.core/defprotocol, :end-col 79, :end-row 9, :filename "lib/src/clojure_lsp/logger.clj", :fixed-arities #{3 4 5}, :meta {}, :name -info, :name-col 4, :name-end-col 9, :name-end-row 9, :name-row 9, :ns clojure-lsp.logger, :protocol-name ILogger, :protocol-ns clojure-lsp.logger, :row 9}
{:arglist-strs ["[this fmeta arg1]" "[this fmeta arg1 arg2]" "[this fmeta arg1 arg2 arg3]"], :callstack [{:name defprotocol, :ns clojure.core}], :col 3, :defined-by clojure.core/defprotocol, :defined-by->lint-as clojure.core/defprotocol, :end-col 79, :end-row 10, :filename "lib/src/clojure_lsp/logger.clj", :fixed-arities #{3 4 5}, :meta {}, :name -warn, :name-col 4, :name-end-col 9, :name-end-row 10, :name-row 10, :ns clojure-lsp.logger, :protocol-name ILogger, :protocol-ns clojure-lsp.logger, :row 10}
{:arglist-strs ["[this fmeta arg1]" "[this fmeta arg1 arg2]" "[this fmeta arg1 arg2 arg3]"], :callstack [{:name defprotocol, :ns clojure.core}], :col 3, :defined-by clojure.core/defprotocol, :defined-by->lint-as clojure.core/defprotocol, :end-col 80, :end-row 11, :filename "lib/src/clojure_lsp/logger.clj", :fixed-arities #{3 4 5}, :meta {}, :name -error, :name-col 4, :name-end-col 10, :name-end-row 11, :name-row 11, :ns clojure-lsp.logger, :protocol-name ILogger, :protocol-ns clojure-lsp.logger, :row 11}
{:arglist-strs ["[this fmeta arg1]" "[this fmeta arg1 arg2]" "[this fmeta arg1 arg2 arg3]"], :callstack [{:name defprotocol, :ns clojure.core}], :col 3, :defined-by clojure.core/defprotocol, :defined-by->lint-as clojure.core/defprotocol, :end-col 80, :end-row 12, :filename "lib/src/clojure_lsp/logger.clj", :fixed-arities #{3 4 5}, :meta {}, :name -debug, :name-col 4, :name-end-col 10, :name-end-row 12, :name-row 12, :ns clojure-lsp.logger, :protocol-name ILogger, :protocol-ns clojure-lsp.logger, :row 12}
{:callstack [{:name def, :ns clojure.core}], :col 1, :defined-by clojure.core/def, :defined-by->lint-as clojure.core/def, :doc "Optional logger state to avoid having component available everywhere.", :end-col 7, :end-row 16, :filename "lib/src/clojure_lsp/logger.clj", :meta {}, :name *logger*, :name-col 16, :name-end-col 24, :name-end-row 14, :name-row 14, :ns clojure-lsp.logger, :row 14}
{:arglist-strs ["[logger]"], :callstack [{:name defn, :ns clojure.core}], :col 1, :defined-by clojure.core/defn, :defined-by->lint-as clojure.core/defn, :end-col 51, :end-row 19, :filename "lib/src/clojure_lsp/logger.clj", :fixed-arities #{1}, :meta {}, :name set-logger!, :name-col 7, :name-end-col 18, :name-end-row 18, :name-row 18, :ns clojure-lsp.logger, :row 18}
{:arglist-strs ["[& args]"], :callstack [{:name defmacro, :ns clojure.core}], :col 1, :defined-by clojure.core/defmacro, :defined-by->lint-as clojure.core/defmacro, :end-col 41, :end-row 26, :filename "lib/src/clojure_lsp/logger.clj", :macro true, :meta {}, :name info, :name-col 11, :name-end-col 15, :name-end-row 21, :name-row 21, :ns clojure-lsp.logger, :row 21, :varargs-min-arity 0}
{:arglist-strs ["[& args]"], :callstack [{:name defmacro, :ns clojure.core}], :col 1, :defined-by clojure.core/defmacro, :defined-by->lint-as clojure.core/defmacro, :end-col 41, :end-row 33, :filename "lib/src/clojure_lsp/logger.clj", :macro true, :meta {}, :name warn, :name-col 11, :name-end-col 15, :name-end-row 28, :name-row 28, :ns clojure-lsp.logger, :row 28, :varargs-min-arity 0}
{:arglist-strs ["[& args]"], :callstack [{:name defmacro, :ns clojure.core}], :col 1, :defined-by clojure.core/defmacro, :defined-by->lint-as clojure.core/defmacro, :end-col 42, :end-row 40, :filename "lib/src/clojure_lsp/logger.clj", :macro true, :meta {}, :name error, :name-col 11, :name-end-col 16, :name-end-row 35, :name-row 35, :ns clojure-lsp.logger, :row 35, :varargs-min-arity 0}
{:arglist-strs ["[& args]"], :callstack [{:name defmacro, :ns clojure.core}], :col 1, :defined-by clojure.core/defmacro, :defined-by->lint-as clojure.core/defmacro, :end-col 42, :end-row 47, :filename "lib/src/clojure_lsp/logger.clj", :macro true, :meta {}, :name debug, :name-col 11, :name-end-col 16, :name-end-row 42, :name-row 42, :ns clojure-lsp.logger, :row 42, :varargs-min-arity 0}
{:callstack [{:name defprotocol, :ns clojure.core}], :col 1, :defined-by clojure.core/defprotocol, :defined-by->lint-as clojure.core/defprotocol, :end-col 35, :end-row 13, :filename "lib/src/clojure_lsp/producer.clj", :meta {}, :name IProducer, :name-col 14, :name-end-col 23, :name-end-row 5, :name-row 5, :ns clojure-lsp.producer, :row 5}
{:arglist-strs ["[this]"], :callstack [{:name defprotocol, :ns clojure.core}], :col 3, :defined-by clojure.core/defprotocol, :defined-by->lint-as clojure.core/defprotocol, :end-col 29, :end-row 6, :filename "lib/src/clojure_lsp/producer.clj", :fixed-arities #{1}, :meta {}, :name refresh-code-lens, :name-col 4, :name-end-col 21, :name-end-row 6, :name-row 6, :ns clojure-lsp.producer, :protocol-name IProducer, :protocol-ns clojure-lsp.producer, :row 6}
{:arglist-strs ["[this diagnostic]"], :callstack [{:name defprotocol, :ns clojure.core}], :col 3, :defined-by clojure.core/defprotocol, :defined-by->lint-as clojure.core/defprotocol, :end-col 41, :end-row 7, :filename "lib/src/clojure_lsp/producer.clj", :fixed-arities #{2}, :meta {}, :name publish-diagnostic, :name-col 4, :name-end-col 22, :name-end-row 7, :name-row 7, :ns clojure-lsp.producer, :protocol-name IProducer, :protocol-ns clojure-lsp.producer, :row 7}
{:arglist-strs ["[this edit]"], :callstack [{:name defprotocol, :ns clojure.core}], :col 3, :defined-by clojure.core/defprotocol, :defined-by->lint-as clojure.core/defprotocol, :end-col 39, :end-row 8, :filename "lib/src/clojure_lsp/producer.clj", :fixed-arities #{2}, :meta {}, :name publish-workspace-edit, :name-col 4, :name-end-col 26, :name-end-row 8, :name-row 8, :ns clojure-lsp.producer, :protocol-name IProducer, :protocol-ns clojure-lsp.producer, :row 8}
{:arglist-strs ["[this percentage message progress-token]"], :callstack [{:name defprotocol, :ns clojure.core}], :col 3, :defined-by clojure.core/defprotocol, :defined-by->lint-as clojure.core/defprotocol, :end-col 62, :end-row 9, :filename "lib/src/clojure_lsp/producer.clj", :fixed-arities #{4}, :meta {}, :name publish-progress, :name-col 4, :name-end-col 20, :name-end-row 9, :name-row 9, :ns clojure-lsp.producer, :protocol-name IProducer, :protocol-ns clojure-lsp.producer, :row 9}
{:arglist-strs ["[this document-request]"], :callstack [{:name defprotocol, :ns clojure.core}], :col 3, :defined-by clojure.core/defprotocol, :defined-by->lint-as clojure.core/defprotocol, :end-col 50, :end-row 10, :filename "lib/src/clojure_lsp/producer.clj", :fixed-arities #{2}, :meta {}, :name show-document-request, :name-col 4, :name-end-col 25, :name-end-row 10, :name-row 10, :ns clojure-lsp.producer, :protocol-name IProducer, :protocol-ns clojure-lsp.producer, :row 10}
{:arglist-strs ["[this message type actions]"], :callstack [{:name defprotocol, :ns clojure.core}], :col 3, :defined-by clojure.core/defprotocol, :defined-by->lint-as clojure.core/defprotocol, :end-col 53, :end-row 11, :filename "lib/src/clojure_lsp/producer.clj", :fixed-arities #{4}, :meta {}, :name show-message-request, :name-col 4, :name-end-col 24, :name-end-row 11, :name-row 11, :ns clojure-lsp.producer, :protocol-name IProducer, :protocol-ns clojure-lsp.producer, :row 11}
{:arglist-strs ["[this message type extra]"], :callstack [{:name defprotocol, :ns clojure.core}], :col 3, :defined-by clojure.core/defprotocol, :defined-by->lint-as clojure.core/defprotocol, :end-col 43, :end-row 12, :filename "lib/src/clojure_lsp/producer.clj", :fixed-arities #{4}, :meta {}, :name show-message, :name-col 4, :name-end-col 16, :name-end-row 12, :name-row 12, :ns clojure-lsp.producer, :protocol-name IProducer, :protocol-ns clojure-lsp.producer, :row 12}
{:arglist-strs ["[this uris]"], :callstack [{:name defprotocol, :ns clojure.core}], :col 3, :defined-by clojure.core/defprotocol, :defined-by->lint-as clojure.core/defprotocol, :end-col 34, :end-row 13, :filename "lib/src/clojure_lsp/producer.clj", :fixed-arities #{2}, :meta {}, :name refresh-test-tree, :name-col 4, :name-end-col 21, :name-end-row 13, :name-row 13, :ns clojure-lsp.producer, :protocol-name IProducer, :protocol-ns clojure-lsp.producer, :row 13}
{:arglist-strs ["[root]"], :callstack [{:name defn-, :ns clojure.core}], :col 1, :defined-by clojure.core/defn-, :defined-by->lint-as clojure.core/defn-, :end-col 24, :end-row 18, :filename "lib/src/clojure_lsp/settings.clj", :fixed-arities #{1}, :meta {}, :name typify-json, :name-col 8, :name-end-col 19, :name-end-row 13, :name-row 13, :ns clojure-lsp.settings, :private true, :row 13}
{:arglist-strs ["[m]"], :callstack [{:name defn-, :ns clojure.core}], :col 1, :defined-by clojure.core/defn-, :defined-by->lint-as clojure.core/defn-, :end-col 39, :end-row 25, :filename "lib/src/clojure_lsp/settings.clj", :fixed-arities #{1}, :meta {}, :name clean-symbol-map, :name-col 8, :name-end-col 24, :name-end-row 20, :name-row 20, :ns clojure-lsp.settings, :private true, :row 20}
{:arglist-strs ["[m]"], :callstack [{:name defn-, :ns clojure.core}], :col 1, :defined-by clojure.core/defn-, :defined-by->lint-as clojure.core/defn-, :end-col 39, :end-row 30, :filename "lib/src/clojure_lsp/settings.clj", :fixed-arities #{1}, :meta {}, :name clean-keys-map, :name-col 8, :name-end-col 22, :name-end-row 27, :name-row 27, :ns clojure-lsp.settings, :private true, :row 27}
{:arglist-strs ["[paths]"], :callstack [{:name defn, :ns clojure.core}], :col 1, :defined-by clojure.core/defn, :defined-by->lint-as clojure.core/defn, :end-col 24, :end-row 40, :filename "lib/src/clojure_lsp/settings.clj", :fixed-arities #{1}, :meta {}, :name parse-source-paths, :name-col 7, :name-end-col 25, :name-end-row 32, :name-row 32, :ns clojure-lsp.settings, :row 32}
{:arglist-strs ["[s]"], :callstack [{:name defn, :ns clojure.core}], :col 1, :defined-by clojure.core/defn, :defined-by->lint-as clojure.core/defn, :end-col 30, :end-row 47, :filename "lib/src/clojure_lsp/settings.clj", :fixed-arities #{1}, :meta {}, :name kwd-string, :name-col 7, :name-end-col 17, :name-end-row 42, :name-row 42, :ns clojure-lsp.settings, :row 42}
{:arglist-strs ["[aliases]"], :callstack [{:name defn, :ns clojure.core}], :col 1, :defined-by clojure.core/defn, :defined-by->lint-as clojure.core/defn, :end-col 24, :end-row 54, :filename "lib/src/clojure_lsp/settings.clj", :fixed-arities #{1}, :meta {}, :name parse-source-aliases, :name-col 7, :name-end-col 27, :name-end-row 49, :name-row 49, :ns clojure-lsp.settings, :row 49}
{:arglist-strs ["[client-settings]"], :callstack [{:name defn, :ns clojure.core}], :col 1, :defined-by clojure.core/defn, :defined-by->lint-as clojure.core/defn, :end-col 66, :end-row 66, :filename "lib/src/clojure_lsp/settings.clj", :fixed-arities #{1}, :meta {}, :name clean-client-settings, :name-col 7, :name-end-col 28, :name-end-row 56, :name-row 56, :ns clojure-lsp.settings, :row 56}
{:arglist-strs ["[project-root-uri settings force-settings kondo-config]"], :callstack [{:name defn, :ns clojure.core}], :col 1, :defined-by clojure.core/defn, :defined-by->lint-as clojure.core/defn, :end-col 66, :end-row 73, :filename "lib/src/clojure_lsp/settings.clj", :fixed-arities #{4}, :meta {}, :name get-refreshed-settings, :name-col 17, :name-end-col 39, :name-end-row 68, :name-row 68, :ns clojure-lsp.settings, :private true, :row 68}
{:callstack [{:name def, :ns clojure.core}], :col 1, :defined-by clojure.core/def, :defined-by->lint-as clojure.core/def, :end-col 31, :end-row 75, :filename "lib/src/clojure_lsp/settings.clj", :meta {}, :name ttl-threshold-milis, :name-col 6, :name-end-col 25, :name-end-row 75, :name-row 75, :ns clojure-lsp.settings, :row 75}
{:callstack [{:name def, :ns clojure.core}], :col 1, :defined-by clojure.core/def, :defined-by->lint-as clojure.core/def, :end-col 75, :end-row 78, :filename "lib/src/clojure_lsp/settings.clj", :meta {}, :name memoized-settings, :name-col 16, :name-end-col 33, :name-end-row 77, :name-row 77, :ns clojure-lsp.settings, :private true, :row 77}
{:arglist-strs ["[{:keys [settings-auto-refresh? kondo-config env project-root-uri settings force-settings]}]"], :callstack [{:name defn, :ns clojure.core}], :col 1, :defined-by clojure.core/defn, :defined-by->lint-as clojure.core/defn, :doc "Get memoized settings from db.\n  Refreshes settings if memoize threshold met.", :end-col 80, :end-row 87, :filename "lib/src/clojure_lsp/settings.clj", :fixed-arities #{1}, :meta {}, :name all, :name-col 7, :name-end-col 10, :name-end-row 80, :name-row 80, :ns clojure-lsp.settings, :row 80}
{:arglist-strs ["[db kws]" "[db kws default]"], :callstack [{:name defn, :ns clojure.core}], :col 1, :defined-by clojure.core/defn, :defined-by->lint-as clojure.core/defn, :end-col 35, :end-row 93, :filename "lib/src/clojure_lsp/settings.clj", :fixed-arities #{2 3}, :meta {}, :name get, :name-col 7, :name-end-col 10, :name-end-row 89, :name-row 89, :ns clojure-lsp.settings, :row 89}
{:arglist-strs ["[db* settings]"], :callstack [{:name defn, :ns clojure.core}], :col 1, :defined-by clojure.core/defn, :defined-by->lint-as clojure.core/defn, :end-col 47, :end-row 100, :filename "lib/src/clojure_lsp/settings.clj", :fixed-arities #{2}, :meta {}, :name set-all, :name-col 7, :name-end-col 14, :name-end-row 95, :name-row 95, :ns clojure-lsp.settings, :row 95}
{:callstack [{:name def, :ns clojure.core}], :col 1, :defined-by clojure.core/def, :defined-by->lint-as clojure.core/def, :end-col 29, :end-row 13, :filename "lib/src/clojure_lsp/source_paths.clj", :meta {}, :name logger-tag, :name-col 6, :name-end-col 16, :name-end-row 13, :name-row 13, :ns clojure-lsp.source-paths, :row 13}
{:callstack [{:name def, :ns clojure.core}], :col 1, :defined-by clojure.core/def, :defined-by->lint-as clojure.core/def, :end-col 43, :end-row 15, :filename "lib/src/clojure_lsp/source_paths.clj", :meta {}, :name default-source-paths, :name-col 6, :name-end-col 26, :name-end-row 15, :name-row 15, :ns clojure-lsp.source-paths, :row 15}
{:callstack [{:name def, :ns clojure.core}], :col 1, :defined-by clojure.core/def, :defined-by->lint-as clojure.core/def, :end-col 43, :end-row 16, :filename "lib/src/clojure_lsp/source_paths.clj", :meta {}, :name default-source-aliases, :name-col 6, :name-end-col 28, :name-end-row 16, :name-row 16, :ns clojure-lsp.source-paths, :row 16}
{:arglist-strs ["[deps]"], :callstack [{:name defn, :ns clojure.core}], :col 1, :defined-by clojure.core/defn, :defined-by->lint-as clojure.core/defn, :end-col 26, :end-row 22, :filename "lib/src/clojure_lsp/source_paths.clj", :fixed-arities #{1}, :meta {}, :name extract-local-roots, :name-col 17, :name-end-col 36, :name-end-row 18, :name-row 18, :ns clojure-lsp.source-paths, :private true, :row 18}
{:arglist-strs ["[file deps-file]"], :callstack [{:name defn, :ns clojure.core}], :col 1, :defined-by clojure.core/defn, :defined-by->lint-as clojure.core/defn, :end-col 72, :end-row 27, :filename "lib/src/clojure_lsp/source_paths.clj", :fixed-arities #{2}, :meta {}, :name relative-to-deps-file, :name-col 17, :name-end-col 38, :name-end-row 24, :name-row 24, :ns clojure-lsp.source-paths, :private true, :row 24}
{:arglist-strs ["[deps-file settings]"], :callstack [{:name defn, :ns clojure.core}], :col 1, :defined-by clojure.core/defn, :defined-by->lint-as clojure.core/defn, :end-col 26, :end-row 42, :filename "lib/src/clojure_lsp/source_paths.clj", :fixed-arities #{2}, :meta {}, :name deps-file->local-roots, :name-col 7, :name-end-col 29, :name-end-row 29, :name-row 29, :ns clojure-lsp.source-paths, :row 29}
{:arglist-strs ["[root-path classpath]"], :callstack [{:name defn, :ns clojure.core}], :col 1, :defined-by clojure.core/defn, :defined-by->lint-as clojure.core/defn, :end-col 41, :end-row 62, :filename "lib/src/clojure_lsp/source_paths.clj", :fixed-arities #{2}, :meta {}, :name classpath->source-paths, :name-col 17, :name-end-col 40, :name-end-row 44, :name-row 44, :ns clojure-lsp.source-paths, :private true, :row 44}
{:arglist-strs ["[root-path classpath given-source-paths]"], :callstack [{:name defn, :ns clojure.core}], :col 1, :defined-by clojure.core/defn, :defined-by->lint-as clojure.core/defn, :end-col 34, :end-row 70, :filename "lib/src/clojure_lsp/source_paths.clj", :fixed-arities #{3}, :meta {}, :name resolve-source-paths, :name-col 17, :name-end-col 37, :name-end-row 64, :name-row 64, :ns clojure-lsp.source-paths, :private true, :row 64}
{:arglist-strs ["[source-paths root-path source-paths-ignore-regex]"], :callstack [{:name defn, :ns clojure.core}], :col 1, :defined-by clojure.core/defn, :defined-by->lint-as clojure.core/defn, :end-col 74, :end-row 78, :filename "lib/src/clojure_lsp/source_paths.clj", :fixed-arities #{3}, :meta {}, :name absolutize-source-paths, :name-col 17, :name-end-col 40, :name-end-row 72, :name-row 72, :ns clojure-lsp.source-paths, :private true, :row 72}
{:arglist-strs ["[settings root-path classpath given-source-paths]"], :callstack [{:name defn, :ns clojure.core}], :col 1, :defined-by clojure.core/defn, :defined-by->lint-as clojure.core/defn, :end-col 25, :end-row 87, :filename "lib/src/clojure_lsp/source_paths.clj", :fixed-arities #{4}, :meta {}, :name process-source-paths, :name-col 7, :name-end-col 27, :name-end-row 80, :name-row 80, :ns clojure-lsp.source-paths, :row 80}
{:arglist-strs ["[a b]"], :callstack [{:name defn, :ns clojure.core}], :col 1, :defined-by clojure.core/defn, :defined-by->lint-as clojure.core/defn, :doc "Adds two numbers.", :end-col 11, :end-row 7, :filename "mova/smoke/fixtures/buggy.clj", :fixed-arities #{2}, :meta {}, :name add2, :name-col 7, :name-end-col 11, :name-end-row 4, :name-row 4, :ns mova.smoke.fixtures.buggy, :row 4}
{:arglist-strs ["[]"], :callstack [{:name defn, :ns clojure.core}], :col 1, :defined-by clojure.core/defn, :defined-by->lint-as clojure.core/defn, :end-col 13, :end-row 12, :filename "mova/smoke/fixtures/buggy.clj", :fixed-arities #{0}, :meta {}, :name unused-binding-fn, :name-col 7, :name-end-col 24, :name-end-row 9, :name-row 9, :ns mova.smoke.fixtures.buggy, :row 9}
{:arglist-strs ["[]"], :callstack [{:name defn, :ns clojure.core}], :col 1, :defined-by clojure.core/defn, :defined-by->lint-as clojure.core/defn, :end-col 12, :end-row 15, :filename "mova/smoke/fixtures/buggy.clj", :fixed-arities #{0}, :meta {}, :name arity-mismatch-fn, :name-col 7, :name-end-col 24, :name-end-row 14, :name-row 14, :ns mova.smoke.fixtures.buggy, :row 14}
{:arglist-strs ["[]"], :callstack [{:name defn, :ns clojure.core}], :col 1, :defined-by clojure.core/defn, :defined-by->lint-as clojure.core/defn, :end-col 36, :end-row 18, :filename "mova/smoke/fixtures/buggy.clj", :fixed-arities #{0}, :meta {}, :name unresolved-symbol-fn, :name-col 7, :name-end-col 27, :name-end-row 17, :name-row 17, :ns mova.smoke.fixtures.buggy, :row 17}
{:arglist-strs ["[]"], :callstack [{:name defn, :ns clojure.core}], :col 1, :defined-by clojure.core/defn, :defined-by->lint-as clojure.core/defn, :end-col 14, :end-row 22, :filename "mova/smoke/fixtures/buggy.clj", :fixed-arities #{0}, :meta {}, :name redundant-do-fn, :name-col 7, :name-end-col 22, :name-end-row 20, :name-row 20, :ns mova.smoke.fixtures.buggy, :row 20}
{:arglist-strs ["[]"], :callstack [{:name defn, :ns clojure.core}], :col 1, :defined-by clojure.core/defn, :defined-by->lint-as clojure.core/defn, :end-col 36, :end-row 25, :filename "mova/smoke/fixtures/buggy.clj", :fixed-arities #{0}, :meta {}, :name unresolved-namespaced-fn, :name-col 7, :name-end-col 31, :name-end-row 24, :name-row 24, :ns mova.smoke.fixtures.buggy, :row 24}
:var-usages 644
{:arity 2, :col 1, :context {}, :end-col 12, :end-row 3, :filename "cli/integration-test/sample-test/src/sample_test/linked_editing_range/a.cljc", :fixed-arities #{1 2 3}, :from sample-test.linked-editing-range.a, :lang :clj, :macro true, :name def, :name-col 2, :name-end-col 5, :name-end-row 3, :name-row 3, :row 3, :to clojure.core}
{:arity 2, :col 1, :context {}, :end-col 12, :end-row 3, :filename "cli/integration-test/sample-test/src/sample_test/linked_editing_range/a.cljc", :fixed-arities #{1 2 3}, :from sample-test.linked-editing-range.a, :lang :cljs, :macro true, :name def, :name-col 2, :name-end-col 5, :name-end-row 3, :name-row 3, :row 3, :to cljs.core}
{:arity 3, :col 1, :context {}, :end-col 17, :end-row 5, :filename "cli/integration-test/sample-test/src/sample_test/linked_editing_range/a.cljc", :from sample-test.linked-editing-range.a, :lang :clj, :macro true, :name defn, :name-col 2, :name-end-col 6, :name-end-row 5, :name-row 5, :row 5, :to clojure.core, :varargs-min-arity 2}
{:arity 3, :col 1, :context {}, :end-col 17, :end-row 5, :filename "cli/integration-test/sample-test/src/sample_test/linked_editing_range/a.cljc", :from sample-test.linked-editing-range.a, :lang :cljs, :macro true, :name defn, :name-col 2, :name-end-col 6, :name-end-row 5, :name-row 5, :row 5, :to cljs.core, :varargs-min-arity 2}
{:arity 1, :context {}, :filename "lib/src/clojure_lsp/config.clj", :fixed-arities #{1}, :from clojure-lsp.config, :from-var local-cache-dir, :name some?, :to clojure.core}
{:arity 2, :context {}, :filename "lib/src/clojure_lsp/config.clj", :from clojure-lsp.config, :from-var local-cache-dir, :macro true, :name ->, :to clojure.core, :varargs-min-arity 1}
{:arity 2, :context {}, :filename "lib/src/clojure_lsp/config.clj", :from clojure-lsp.config, :from-var local-cache-dir, :macro true, :name let, :to clojure.core, :varargs-min-arity 1}
{:arity 2, :context {}, :filename "lib/src/clojure_lsp/config.clj", :from clojure-lsp.config, :from-var local-cache-dir, :macro true, :name when, :to clojure.core, :varargs-min-arity 1}
{:arity 2, :context {}, :filename "lib/src/clojure_lsp/config.clj", :from clojure-lsp.config, :from-var resolve-project-configs, :macro true, :name ->>, :to clojure.core, :varargs-min-arity 1}
{:arity 2, :context {}, :filename "lib/src/clojure_lsp/config.clj", :from clojure-lsp.config, :from-var resolve-project-configs, :macro true, :name let, :to clojure.core, :varargs-min-arity 1}
{:arity 3, :context {}, :filename "lib/src/clojure_lsp/config.clj", :from clojure-lsp.config, :from-var resolve-project-configs, :name if, :to clojure.core}
{:arity 2, :col 1, :context {}, :end-col 33, :end-row 13, :filename "lib/src/clojure_lsp/config.clj", :fixed-arities #{2}, :from clojure-lsp.config, :macro true, :name set!, :name-col 2, :name-end-col 6, :name-end-row 13, :name-row 13, :row 13, :to clojure.core}
{:col 7, :context {}, :end-col 27, :end-row 13, :filename "lib/src/clojure_lsp/config.clj", :from clojure-lsp.config, :name *warn-on-reflection*, :name-col 7, :name-end-col 27, :name-end-row 13, :name-row 13, :row 13, :to clojure.core}
{:arity 2, :col 1, :context {}, :end-col 53, :end-row 15, :filename "lib/src/clojure_lsp/config.clj", :fixed-arities #{1 2 3}, :from clojure-lsp.config, :macro true, :name def, :name-col 2, :name-end-col 5, :name-end-row 15, :name-row 15, :row 15, :to clojure.core}
{:arity 3, :col 1, :context {}, :end-col 112, :end-row 23, :filename "lib/src/clojure_lsp/config.clj", :from clojure-lsp.config, :macro true, :name defn, :name-col 2, :name-end-col 6, :name-end-row 17, :name-row 17, :row 17, :to clojure.core, :varargs-min-arity 2}
{:arity 2, :col 3, :context {}, :end-col 111, :end-row 23, :filename "lib/src/clojure_lsp/config.clj", :from clojure-lsp.config, :from-var read-edn-file, :name try, :name-col 4, :name-end-col 7, :name-end-row 18, :name-row 18, :row 18, :to clojure.core}
{:arity 3, :col 5, :context {}, :end-col 40, :end-row 21, :filename "lib/src/clojure_lsp/config.clj", :from clojure-lsp.config, :from-var read-edn-file, :macro true, :name ->>, :name-col 6, :name-end-col 9, :name-end-row 19, :name-row 19, :row 19, :to clojure.core, :varargs-min-arity 1}
{:arity 1, :col 10, :context {}, :end-col 22, :end-row 19, :filename "lib/src/clojure_lsp/config.clj", :from clojure-lsp.config, :from-var read-edn-file, :name slurp, :name-col 11, :name-end-col 16, :name-end-row 19, :name-row 19, :row 19, :to clojure.core, :varargs-min-arity 1}
{:alias edn, :arity 2, :col 10, :context {}, :end-col 55, :end-row 20, :filename "lib/src/clojure_lsp/config.clj", :fixed-arities #{1 2}, :from clojure-lsp.config, :from-var read-edn-file, :name read-string, :name-col 11, :name-end-col 26, :name-end-row 20, :name-row 20, :row 20, :to clojure.edn}
{:col 42, :context {}, :end-col 52, :end-row 20, :filename "lib/src/clojure_lsp/config.clj", :fixed-arities #{1}, :from clojure-lsp.config, :from-var read-edn-file, :name re-pattern, :name-col 42, :name-end-col 52, :name-end-row 20, :name-row 20, :row 20, :to clojure.core}
{:alias shared, :arity 1, :col 10, :context {}, :end-col 39, :end-row 21, :filename "lib/src/clojure_lsp/config.clj", :from clojure-lsp.config, :from-var read-edn-file, :name keywordize-first-depth, :name-col 10, :name-end-col 39, :name-end-row 21, :name-row 21, :row 21, :to clojure-lsp.shared}
{:alias logger, :arity 3, :col 7, :context {}, :end-col 109, :end-row 23, :filename "lib/src/clojure_lsp/config.clj", :from clojure-lsp.config, :from-var read-edn-file, :macro true, :name error, :name-col 8, :name-end-col 20, :name-end-row 23, :name-row 23, :row 23, :to clojure-lsp.logger, :varargs-min-arity 0}
{:arity 2, :col 52, :context {}, :end-col 76, :end-row 23, :filename "lib/src/clojure_lsp/config.clj", :from clojure-lsp.config, :from-var read-edn-file, :name ., :row 23, :to clojure.core}
{:arity 2, :col 77, :context {}, :end-col 108, :end-row 23, :filename "lib/src/clojure_lsp/config.clj", :from clojure-lsp.config, :from-var read-edn-file, :name format, :name-col 78, :name-end-col 84, :name-end-row 23, :name-row 23, :row 23, :to clojure.core, :varargs-min-arity 1}
{:arity 2, :col 92, :context {}, :end-col 107, :end-row 23, :filename "lib/src/clojure_lsp/config.clj", :from clojure-lsp.config, :from-var read-edn-file, :name ., :row 23, :to clojure.core}
{:arity 3, :col 1, :context {}, :end-col 26, :end-row 26, :filename "lib/src/clojure_lsp/config.clj", :from clojure-lsp.config, :macro true, :name defn, :name-col 2, :name-end-col 6, :name-end-row 25, :name-row 25, :row 25, :to clojure.core, :varargs-min-arity 2}
{:arity 3, :col 1, :context {}, :end-col 21, :end-row 29, :filename "lib/src/clojure_lsp/config.clj", :from clojure-lsp.config, :macro true, :name defn, :name-col 2, :name-end-col 6, :name-end-row 28, :name-row 28, :row 28, :to clojure.core, :varargs-min-arity 2}
{:arity 3, :col 1, :context {}, :end-col 35, :end-row 39, :filename "lib/src/clojure_lsp/config.clj", :from clojure-lsp.config, :macro true, :name defn, :name-col 2, :name-end-col 6, :name-end-row 31, :name-row 31, :row 31, :to clojure.core, :varargs-min-arity 2}
{:arity 2, :col 3, :context {}, :end-col 34, :end-row 39, :filename "lib/src/clojure_lsp/config.clj", :from clojure-lsp.config, :from-var global-config-file, :macro true, :name let, :name-col 4, :name-end-col 7, :name-end-row 32, :name-row 32, :row 32, :to clojure.core, :varargs-min-arity 1}
{:arity 2, :col 25, :context {}, :end-col 76, :end-row 33, :filename "lib/src/clojure_lsp/config.clj", :fixed-arities #{0 1}, :from clojure-lsp.config, :from-var global-config-file, :macro true, :name or, :name-col 26, :name-end-col 28, :name-end-row 32, :name-row 32, :row 32, :to clojure.core, :varargs-min-arity 1}
{:arity 1, :col 29, :context {}, :end-col 56, :end-row 32, :filename "lib/src/clojure_lsp/config.clj", :fixed-arities #{1}, :from clojure-lsp.config, :from-var global-config-file, :name get-env, :name-col 30, :name-end-col 37, :name-end-row 32, :name-row 32, :row 32, :to clojure-lsp.config}
{:alias io, :arity 2, :col 29, :context {}, :end-col 75, :end-row 33, :filename "lib/src/clojure_lsp/config.clj", :fixed-arities #{1 2}, :from clojure-lsp.config, :from-var global-config-file, :name file, :name-col 30, :name-end-col 37, :name-end-row 33, :name-row 33, :row 33, :to clojure.java.io, :varargs-min-arity 2}
{:arity 1, :col 38, :context {}, :end-col 64, :end-row 33, :filename "lib/src/clojure_lsp/config.clj", :fixed-arities #{1}, :from clojure-lsp.config, :from-var global-config-file, :name get-property, :name-col 39, :name-end-col 51, :name-end-row 33, :name-row 33, :row 33, :to clojure-lsp.config}
{:alias io, :arity 2, :col 20, :context {}, :end-col 59, :end-row 34, :filename "lib/src/clojure_lsp/config.clj", :fixed-arities #{1 2}, :from clojure-lsp.config, :from-var global-config-file, :name file, :name-col 21, :name-end-col 28, :name-end-row 34, :name-row 34, :row 34, :to clojure.java.io, :varargs-min-arity 2}
{:alias io, :arity 2, :col 21, :context {}, :end-col 64, :end-row 35, :filename "lib/src/clojure_lsp/config.clj", :fixed-arities #{1 2}, :from clojure-lsp.config, :from-var global-config-file, :name file, :name-col 22, :name-end-col 29, :name-end-row 35, :name-row 35, :row 35, :to clojure.java.io, :varargs-min-arity 2}
{:arity 1, :col 30, :context {}, :end-col 56, :end-row 35, :filename "lib/src/clojure_lsp/config.clj", :fixed-arities #{1}, :from clojure-lsp.config, :from-var global-config-file, :name get-property, :name-col 31, :name-end-col 43, :name-end-row 35, :name-row 35, :row 35, :to clojure-lsp.config}
{:arity 3, :col 14, :context {}, :end-col 28, :end-row 38, :filename "lib/src/clojure_lsp/config.clj", :from clojure-lsp.config, :from-var global-config-file, :name if, :name-col 15, :name-end-col 17, :name-end-row 36, :name-row 36, :row 36, :to clojure.core}
{:alias shared, :arity 1, :col 18, :context {}, :end-col 50, :end-row 36, :filename "lib/src/clojure_lsp/config.clj", :from clojure-lsp.config, :from-var global-config-file, :name file-exists?, :name-col 19, :name-end-col 38, :name-end-row 36, :name-row 36, :row 36, :to clojure-lsp.shared}
{:alias io, :arity 2, :col 5, :context {}, :end-col 33, :end-row 39, :filename "lib/src/clojure_lsp/config.clj", :fixed-arities #{1 2}, :from clojure-lsp.config, :from-var global-config-file, :name file, :name-col 6, :name-end-col 13, :name-end-row 39, :name-row 39, :row 39, :to clojure.java.io, :varargs-min-arity 2}
{:arity 3, :col 1, :context {}, :end-col 41, :end-row 44, :filename "lib/src/clojure_lsp/config.clj", :from clojure-lsp.config, :macro true, :name defn, :name-col 2, :name-end-col 6, :name-end-row 41, :name-row 41, :row 41, :to clojure.core, :varargs-min-arity 2}
{:arity 2, :col 3, :context {}, :end-col 40, :end-row 44, :filename "lib/src/clojure_lsp/config.clj", :from clojure-lsp.config, :from-var global-cache-dir, :macro true, :name let, :name-col 4, :name-end-col 7, :name-end-row 42, :name-row 42, :row 42, :to clojure.core, :varargs-min-arity 1}
{:arity 2, :col 20, :context {}, :end-col 70, :end-row 43, :filename "lib/src/clojure_lsp/config.clj", :fixed-arities #{0 1}, :from clojure-lsp.config, :from-var global-cache-dir, :macro true, :name or, :name-col 21, :name-end-col 23, :name-end-row 42, :name-row 42, :row 42, :to clojure.core, :varargs-min-arity 1}
{:arity 1, :col 24, :context {}, :end-col 50, :end-row 42, :filename "lib/src/clojure_lsp/config.clj", :fixed-arities #{1}, :from clojure-lsp.config, :from-var global-cache-dir, :name get-env, :name-col 25, :name-end-col 32, :name-end-row 42, :name-row 42, :row 42, :to clojure-lsp.config}
{:alias io, :arity 2, :col 24, :context {}, :end-col 69, :end-row 43, :filename "lib/src/clojure_lsp/config.clj", :fixed-arities #{1 2}, :from clojure-lsp.config, :from-var global-cache-dir, :name file, :name-col 25, :name-end-col 32, :name-end-row 43, :name-row 43, :row 43, :to clojure.java.io, :varargs-min-arity 2}
{:arity 1, :col 33, :context {}, :end-col 59, :end-row 43, :filename "lib/src/clojure_lsp/config.clj", :fixed-arities #{1}, :from clojure-lsp.config, :from-var global-cache-dir, :name get-property, :name-col 34, :name-end-col 46, :name-end-row 43, :name-row 43, :row 43, :to clojure-lsp.config}
{:alias io, :arity 2, :col 5, :context {}, :end-col 39, :end-row 44, :filename "lib/src/clojure_lsp/config.clj", :fixed-arities #{1 2}, :from clojure-lsp.config, :from-var global-cache-dir, :name file, :name-col 6, :name-end-col 13, :name-end-row 44, :name-row 44, :row 44, :to clojure.java.io, :varargs-min-arity 2}
{:arity 3, :col 1, :context {}, :end-col 50, :end-row 51, :filename "lib/src/clojure_lsp/config.clj", :from clojure-lsp.config, :macro true, :name defn, :name-col 2, :name-end-col 6, :name-end-row 46, :name-row 46, :row 46, :to clojure.core, :varargs-min-arity 2}
{:arity 2, :col 3, :context {}, :end-col 49, :end-row 51, :filename "lib/src/clojure_lsp/config.clj", :from clojure-lsp.config, :from-var local-cache-dir, :macro true, :name let, :name-col 4, :name-end-col 7, :name-end-row 47, :name-row 47, :row 47, :to clojure.core, :varargs-min-arity 1}
{:alias shared, :arity 1, :col 22, :context {}, :end-col 63, :end-row 47, :filename "lib/src/clojure_lsp/config.clj", :from clojure-lsp.config, :from-var local-cache-dir, :name uri->path, :name-col 23, :name-end-col 39, :name-end-row 47, :name-row 47, :row 47, :to clojure-lsp.shared}
{:arity 2, :col 26, :context {}, :end-col 42, :end-row 49, :filename "lib/src/clojure_lsp/config.clj", :from clojure-lsp.config, :from-var local-cache-dir, :macro true, :name some->, :name-col 27, :name-end-col 33, :name-end-row 48, :name-row 48, :row 48, :to clojure.core, :varargs-min-arity 1}
{:arity 2, :col 34, :context {}, :end-col 66, :end-row 48, :filename "lib/src/clojure_lsp/config.clj", :fixed-arities #{2 3}, :from clojure-lsp.config, :from-var local-cache-dir, :name get, :name-col 35, :name-end-col 38, :name-end-row 48, :name-row 48, :row 48, :to clojure.core}
{:alias io, :arity 1, :col 34, :context {}, :end-col 41, :end-row 49, :filename "lib/src/clojure_lsp/config.clj", :fixed-arities #{1 2}, :from clojure-lsp.config, :from-var local-cache-dir, :name file, :name-col 34, :name-end-col 41, :name-end-row 49, :name-row 49, :row 49, :to clojure.java.io, :varargs-min-arity 2}
{:alias io, :arity 3, :col 17, :context {}, :end-col 61, :end-row 50, :filename "lib/src/clojure_lsp/config.clj", :fixed-arities #{1 2}, :from clojure-lsp.config, :from-var local-cache-dir, :name file, :name-col 18, :name-end-col 25, :name-end-row 50, :name-row 50, :row 50, :to clojure.java.io, :varargs-min-arity 2}
{:arity 1, :col 26, :context {}, :end-col 44, :end-row 50, :filename "lib/src/clojure_lsp/config.clj", :fixed-arities #{0 1}, :from clojure-lsp.config, :from-var local-cache-dir, :name str, :name-col 27, :name-end-col 30, :name-end-row 50, :name-row 50, :row 50, :to clojure.core, :varargs-min-arity 1}
{:arity 2, :col 19, :context {}, :end-col 48, :end-row 51, :filename "lib/src/clojure_lsp/config.clj", :fixed-arities #{0 1}, :from clojure-lsp.config, :from-var local-cache-dir, :macro true, :name or, :name-col 20, :name-end-col 22, :name-end-row 51, :name-row 51, :row 51, :to clojure.core, :varargs-min-arity 1}
{:arity 3, :col 1, :context {}, :end-col 54, :end-row 55, :filename "lib/src/clojure_lsp/config.clj", :from clojure-lsp.config, :macro true, :name defn, :name-col 2, :name-end-col 6, :name-end-row 53, :name-row 53, :row 53, :to clojure.core, :varargs-min-arity 2}
{:arity 2, :col 3, :context {}, :end-col 53, :end-row 55, :filename "lib/src/clojure_lsp/config.clj", :from clojure-lsp.config, :from-var local-project-config-file, :macro true, :name let, :name-col 4, :name-end-col 7, :name-end-row 54, :name-row 54, :row 54, :to clojure.core, :varargs-min-arity 1}
{:alias io, :arity 1, :col 27, :context {}, :end-col 76, :end-row 54, :filename "lib/src/clojure_lsp/config.clj", :fixed-arities #{1 2}, :from clojure-lsp.config, :from-var local-project-config-file, :name file, :name-col 28, :name-end-col 35, :name-end-row 54, :name-row 54, :row 54, :to clojure.java.io, :varargs-min-arity 2}
{:alias shared, :arity 1, :col 36, :context {}, :end-col 75, :end-row 54, :filename "lib/src/clojure_lsp/config.clj", :from clojure-lsp.config, :from-var local-project-config-file, :name uri->filename, :name-col 37, :name-end-col 57, :name-end-row 54, :name-row 54, :row 54, :to clojure-lsp.shared}
{:alias io, :arity 3, :col 5, :context {}, :end-col 52, :end-row 55, :filename "lib/src/clojure_lsp/config.clj", :fixed-arities #{1 2}, :from clojure-lsp.config, :from-var local-project-config-file, :name file, :name-col 6, :name-end-col 13, :name-end-row 55, :name-row 55, :row 55, :to clojure.java.io, :varargs-min-arity 2}
{:arity 3, :col 1, :context {}, :end-col 45, :end-row 59, :filename "lib/src/clojure_lsp/config.clj", :from clojure-lsp.config, :macro true, :name defn, :name-col 2, :name-end-col 6, :name-end-row 57, :name-row 57, :row 57, :to clojure.core, :varargs-min-arity 2}
{:arity 2, :col 3, :context {}, :end-col 44, :end-row 59, :filename "lib/src/clojure_lsp/config.clj", :from clojure-lsp.config, :from-var resolve-global-config, :macro true, :name when, :name-col 4, :name-end-col 8, :name-end-row 58, :name-row 58, :row 58, :to clojure.core, :varargs-min-arity 1}
{:alias shared, :arity 1, :col 9, :context {}, :end-col 53, :end-row 58, :filename "lib/src/clojure_lsp/config.clj", :from clojure-lsp.config, :from-var resolve-global-config, :name file-exists?, :name-col 10, :name-end-col 29, :name-end-row 58, :name-row 58, :row 58, :to clojure-lsp.shared}
{:arity 1, :col 5, :context {}, :end-col 43, :end-row 59, :filename "lib/src/clojure_lsp/config.clj", :fixed-arities #{1}, :from clojure-lsp.config, :from-var resolve-global-config, :name read-edn-file, :name-col 6, :name-end-col 19, :name-end-row 59, :name-row 59, :row 59, :to clojure-lsp.config}
{:arity 3, :col 1, :context {}, :end-col 20, :end-row 71, :filename "lib/src/clojure_lsp/config.clj", :from clojure-lsp.config, :macro true, :name defn, :name-col 2, :name-end-col 6, :name-end-row 61, :name-row 61, :row 61, :to clojure.core, :varargs-min-arity 2}
{:arity 2, :col 3, :context {}, :end-col 19, :end-row 71, :filename "lib/src/clojure_lsp/config.clj", :from clojure-lsp.config, :from-var resolve-project-configs, :macro true, :name loop, :name-col 4, :name-end-col 8, :name-end-row 62, :name-row 62, :row 62, :to clojure.core, :varargs-min-arity 1}
{:alias io, :arity 1, :col 14, :context {}, :end-col 63, :end-row 62, :filename "lib/src/clojure_lsp/config.clj", :fixed-arities #{1 2}, :from clojure-lsp.config, :from-var resolve-project-configs, :name file, :name-col 15, :name-end-col 22, :name-end-row 62, :name-row 62, :row 62, :to clojure.java.io, :varargs-min-arity 2}
{:alias shared, :arity 1, :col 23, :context {}, :end-col 62, :end-row 62, :filename "lib/src/clojure_lsp/config.clj", :from clojure-lsp.config, :from-var resolve-project-configs, :name uri->filename, :name-col 24, :name-end-col 44, :name-end-row 62, :name-row 62, :row 62, :to clojure-lsp.shared}
{:arity 2, :col 5, :context {}, :end-col 18, :end-row 71, :filename "lib/src/clojure_lsp/config.clj", :from clojure-lsp.config, :from-var resolve-project-configs, :macro true, :name let, :name-col 6, :name-end-col 9, :name-end-row 64, :name-row 64, :row 64, :to clojure.core, :varargs-min-arity 1}
{:arity 1, :col 16, :context {}, :end-col 60, :end-row 64, :filename "lib/src/clojure_lsp/config.clj", :fixed-arities #{1}, :from clojure-lsp.config, :from-var resolve-project-configs, :name local-project-config-file, :name-col 17, :name-end-col 42, :name-end-row 64, :name-row 64, :row 64, :to clojure-lsp.config}
{:arity 2, :col 18, :context {}, :end-col 38, :end-row 65, :filename "lib/src/clojure_lsp/config.clj", :from clojure-lsp.config, :from-var resolve-project-configs, :name ., :row 65, :to clojure.core}
{:arity 3, :col 7, :context {}, :end-col 17, :end-row 71, :filename "lib/src/clojure_lsp/config.clj", :from clojure-lsp.config, :from-var resolve-project-configs, :name if, :name-col 8, :name-end-col 10, :name-end-row 66, :name-row 66, :row 66, :to clojure.core}
{:arity 2, :col 9, :context {}, :end-col 58, :end-row 70, :filename "lib/src/clojure_lsp/config.clj", :from clojure-lsp.config, :from-var resolve-project-configs, :name recur, :name-col 10, :name-end-col 15, :name-end-row 67, :name-row 67, :row 67, :to clojure.core}
{:arity 3, :col 23, :context {}, :end-col 57, :end-row 70, :filename "lib/src/clojure_lsp/config.clj", :from clojure-lsp.config, :from-var resolve-project-configs, :macro true, :name cond->>, :name-col 24, :name-end-col 31, :name-end-row 67, :name-row 67, :row 67, :to clojure.core, :varargs-min-arity 1}
{:arity 2, :col 25, :context {}, :end-col 106, :end-row 69, :filename "lib/src/clojure_lsp/config.clj", :fixed-arities #{0 1}, :from clojure-lsp.config, :from-var resolve-project-configs, :macro true, :name and, :name-col 26, :name-end-col 29, :name-end-row 68, :name-row 68, :row 68, :to clojure.core, :varargs-min-arity 1}
{:alias shared, :arity 1, :col 30, :context {}, :end-col 56, :end-row 68, :filename "lib/src/clojure_lsp/config.clj", :from clojure-lsp.config, :from-var resolve-project-configs, :name file-exists?, :name-col 31, :name-end-col 50, :name-end-row 68, :name-row 68, :row 68, :to clojure-lsp.shared}
{:arity 1, :col 30, :context {}, :end-col 105, :end-row 69, :filename "lib/src/clojure_lsp/config.clj", :fixed-arities #{1}, :from clojure-lsp.config, :from-var resolve-project-configs, :name not, :name-col 31, :name-end-col 34, :name-end-row 69, :name-row 69, :row 69, :to clojure.core}
{:arity 2, :col 35, :context {}, :end-col 104, :end-row 69, :filename "lib/src/clojure_lsp/config.clj", :fixed-arities #{1 2}, :from clojure-lsp.config, :from-var resolve-project-configs, :name =, :name-col 36, :name-end-col 37, :name-end-row 69, :name-row 69, :row 69, :to clojure.core, :varargs-min-arity 2}
{:arity 2, :col 38, :context {}, :end-col 79, :end-row 69, :filename "lib/src/clojure_lsp/config.clj", :from clojure-lsp.config, :from-var resolve-project-configs, :name ., :row 69, :to clojure.core}
{:arity 2, :col 80, :context {}, :end-col 103, :end-row 69, :filename "lib/src/clojure_lsp/config.clj", :from clojure-lsp.config, :from-var resolve-project-configs, :name ., :row 69, :to clojure.core}
{:arity 2, :col 25, :context {}, :end-col 56, :end-row 70, :filename "lib/src/clojure_lsp/config.clj", :fixed-arities #{0 1 2}, :from clojure-lsp.config, :from-var resolve-project-configs, :name concat, :name-col 26, :name-end-col 32, :name-end-row 70, :name-row 70, :row 70, :to clojure.core, :varargs-min-arity 2}
{:arity 1, :col 34, :context {}, :end-col 54, :end-row 70, :filename "lib/src/clojure_lsp/config.clj", :fixed-arities #{1}, :from clojure-lsp.config, :from-var resolve-project-configs, :name read-edn-file, :name-col 35, :name-end-col 48, :name-end-row 70, :name-row 70, :row 70, :to clojure-lsp.config}
{:arity 3, :col 1, :context {}, :end-col 34, :end-row 80, :filename "lib/src/clojure_lsp/config.clj", :from clojure-lsp.config, :macro true, :name defn, :name-col 2, :name-end-col 6, :name-end-row 73, :name-row 73, :row 73, :to clojure.core, :varargs-min-arity 2}
{:arity 2, :col 3, :context {}, :end-col 33, :end-row 80, :filename "lib/src/clojure_lsp/config.clj", :from clojure-lsp.config, :from-var resolve-for-root, :macro true, :name when, :name-col 4, :name-end-col 8, :name-end-row 74, :name-row 74, :row 74, :to clojure.core, :varargs-min-arity 1}
{:arity 2, :col 5, :context {}, :end-col 32, :end-row 80, :filename "lib/src/clojure_lsp/config.clj", :from clojure-lsp.config, :from-var resolve-for-root, :macro true, :name let, :name-col 6, :name-end-col 9, :name-end-row 75, :name-row 75, :row 75, :to clojure.core, :varargs-min-arity 1}
{:arity 0, :col 34, :context {}, :end-col 54, :end-row 75, :filename "lib/src/clojure_lsp/config.clj", :fixed-arities #{0}, :from clojure-lsp.config, :from-var resolve-for-root, :name global-config-file, :name-col 35, :name-end-col 53, :name-end-row 75, :name-row 75, :row 75, :to clojure-lsp.config}
{:arity 2, :col 27, :context {}, :end-col 92, :end-row 76, :filename "lib/src/clojure_lsp/config.clj", :fixed-arities #{2}, :from clojure-lsp.config, :from-var resolve-for-root, :name resolve-project-configs, :name-col 28, :name-end-col 51, :name-end-row 76, :name-row 76, :private true, :row 76, :to clojure-lsp.config}
{:arity 3, :col 7, :context {}, :end-col 31, :end-row 80, :filename "lib/src/clojure_lsp/config.clj", :fixed-arities #{2 3}, :from clojure-lsp.config, :from-var resolve-for-root, :name reduce, :name-col 8, :name-end-col 14, :name-end-row 77, :name-row 77, :row 77, :to clojure.core}
{:alias shared, :arity 2, :col 15, :context {}, :end-col 32, :end-row 77, :filename "lib/src/clojure_lsp/config.clj", :from clojure-lsp.config, :from-var resolve-for-root, :name deep-merge, :row 77, :to clojure-lsp.shared}
{:alias shared, :col 15, :context {}, :end-col 32, :end-row 77, :filename "lib/src/clojure_lsp/config.clj", :from clojure-lsp.config, :from-var resolve-for-root, :name deep-merge, :name-col 15, :name-end-col 32, :name-end-row 77, :name-row 77, :row 77, :to clojure-lsp.shared}
{:arity 2, :col 15, :context {}, :end-col 69, :end-row 79, :filename "lib/src/clojure_lsp/config.clj", :from clojure-lsp.config, :from-var resolve-for-root, :name merge, :name-col 16, :name-end-col 21, :name-end-row 78, :name-row 78, :row 78, :to clojure.core, :varargs-min-arity 0}
{:arity 1, :col 22, :context {}, :end-col 68, :end-row 79, :filename "lib/src/clojure_lsp/config.clj", :fixed-arities #{1}, :from clojure-lsp.config, :from-var resolve-for-root, :name resolve-global-config, :name-col 23, :name-end-col 44, :name-end-row 79, :name-row 79, :private true, :row 79, :to clojure-lsp.config}
{:arity 3, :col 1, :context {}, :end-col 21, :end-row 85, :filename "lib/src/clojure_lsp/config.clj", :from clojure-lsp.config, :macro true, :name defn, :name-col 2, :name-end-col 6, :name-end-row 82, :name-row 82, :row 82, :to clojure.core, :varargs-min-arity 2}
{:arity 3, :col 3, :context {}, :end-col 20, :end-row 85, :filename "lib/src/clojure_lsp/config.clj", :from clojure-lsp.config, :from-var settings-hash, :macro true, :name ->, :name-col 4, :name-end-col 6, :name-end-row 83, :name-row 83, :row 83, :to clojure.core, :varargs-min-arity 1}
{:arity 1, :col 7, :context {}, :end-col 29, :end-row 83, :filename "lib/src/clojure_lsp/config.clj", :fixed-arities #{0 1}, :from clojure-lsp.config, :from-var settings-hash, :name str, :name-col 8, :name-end-col 11, :name-end-row 83, :name-row 83, :row 83, :to clojure.core, :varargs-min-arity 1}
{:arity 2, :col 7, :context {}, :end-col 18, :end-row 84, :filename "lib/src/clojure_lsp/config.clj", :from clojure-lsp.config, :from-var settings-hash, :name ., :row 84, :to clojure.core}
{:alias shared, :arity 1, :col 7, :context {}, :end-col 19, :end-row 85, :filename "lib/src/clojure_lsp/config.clj", :from clojure-lsp.config, :from-var settings-hash, :name md5, :name-col 8, :name-end-col 18, :name-end-row 85, :name-row 85, :row 85, :to clojure-lsp.shared}
{:arity 3, :col 1, :context {}, :end-col 89, :end-row 101, :filename "lib/src/clojure_lsp/config.clj", :from clojure-lsp.config, :macro true, :name defn, :name-col 2, :name-end-col 6, :name-end-row 87, :name-row 87, :row 87, :to clojure.core, :varargs-min-arity 2}
{:arity 2, :col 3, :context {}, :end-col 88, :end-row 101, :filename "lib/src/clojure_lsp/config.clj", :from clojure-lsp.config, :from-var jar-file->config, :macro true, :name with-open, :name-col 4, :name-end-col 13, :name-end-row 89, :name-row 89, :row 89, :to clojure.core, :varargs-min-arity 1}
{:arity 3, :col 5, :context {}, :end-col 87, :end-row 101, :filename "lib/src/clojure_lsp/config.clj", :from clojure-lsp.config, :from-var jar-file->config, :macro true, :name ->>, :name-col 6, :name-end-col 9, :name-end-row 90, :name-row 90, :row 90, :to clojure.core, :varargs-min-arity 1}
{:arity 1, :col 10, :context {}, :end-col 42, :end-row 90, :filename "lib/src/clojure_lsp/config.clj", :fixed-arities #{1}, :from clojure-lsp.config, :from-var jar-file->config, :name enumeration-seq, :name-col 11, :name-end-col 26, :name-end-row 90, :name-row 90, :row 90, :to clojure.core}
{:arity 2, :col 27, :context {}, :end-col 41, :end-row 90, :filename "lib/src/clojure_lsp/config.clj", :from clojure-lsp.config, :from-var jar-file->config, :name ., :row 90, :to clojure.core}
{:arity 2, :col 10, :context {}, :end-col 73, :end-row 94, :filename "lib/src/clojure_lsp/config.clj", :fixed-arities #{1 2}, :from clojure-lsp.config, :from-var jar-file->config, :name filter, :name-col 11, :name-end-col 17, :name-end-row 91, :name-row 91, :row 91, :to clojure.core}
{:arity 2, :col 18, :context {}, :end-col 72, :end-row 94, :filename "lib/src/clojure_lsp/config.clj", :from clojure-lsp.config, :from-var jar-file->config, :macro true, :name fn, :name-col 19, :name-end-col 21, :name-end-row 91, :name-row 91, :row 91, :to clojure.core, :varargs-min-arity 0}
{:arity 2, :col 20, :context {}, :end-col 71, :end-row 94, :filename "lib/src/clojure_lsp/config.clj", :from clojure-lsp.config, :from-var jar-file->config, :macro true, :name let, :name-col 21, :name-end-col 24, :name-end-row 92, :name-row 92, :row 92, :to clojure.core, :varargs-min-arity 1}
{:arity 2, :col 37, :context {}, :end-col 53, :end-row 92, :filename "lib/src/clojure_lsp/config.clj", :from clojure-lsp.config, :from-var jar-file->config, :name ., :row 92, :to clojure.core}
{:arity 2, :col 22, :context {}, :end-col 70, :end-row 94, :filename "lib/src/clojure_lsp/config.clj", :fixed-arities #{0 1}, :from clojure-lsp.config, :from-var jar-file->config, :macro true, :name and, :name-col 23, :name-end-col 26, :name-end-row 93, :name-row 93, :row 93, :to clojure.core, :varargs-min-arity 1}
{:alias string, :arity 2, :col 27, :context {}, :end-col 81, :end-row 93, :filename "lib/src/clojure_lsp/config.clj", :fixed-arities #{2}, :from clojure-lsp.config, :from-var jar-file->config, :name starts-with?, :name-col 28, :name-end-col 47, :name-end-row 93, :name-row 93, :row 93, :to clojure.string}
{:alias string, :arity 2, :col 27, :context {}, :end-col 69, :end-row 94, :filename "lib/src/clojure_lsp/config.clj", :fixed-arities #{2}, :from clojure-lsp.config, :from-var jar-file->config, :name includes?, :name-col 28, :name-end-col 44, :name-end-row 94, :name-row 94, :row 94, :to clojure.string}
{:arity 2, :col 10, :context {}, :end-col 86, :end-row 101, :filename "lib/src/clojure_lsp/config.clj", :fixed-arities #{2 3 4}, :from clojure-lsp.config, :from-var jar-file->config, :name mapv, :name-col 11, :name-end-col 15, :name-end-row 95, :name-row 95, :row 95, :to clojure.core, :varargs-min-arity 4}
{:arity 2, :col 16, :context {}, :end-col 85, :end-row 101, :filename "lib/src/clojure_lsp/config.clj", :from clojure-lsp.config, :from-var jar-file->config, :macro true, :name fn, :name-col 17, :name-end-col 19, :name-end-row 95, :name-row 95, :row 95, :to clojure.core, :varargs-min-arity 0}
{:arity 2, :col 18, :context {}, :end-col 84, :end-row 101, :filename "lib/src/clojure_lsp/config.clj", :from clojure-lsp.config, :from-var jar-file->config, :macro true, :name let, :name-col 19, :name-end-col 22, :name-end-row 96, :name-row 96, :row 96, :to clojure.core, :varargs-min-arity 1}
{:alias string, :arity 2, :col 43, :context {}, :end-col 86, :end-row 96, :filename "lib/src/clojure_lsp/config.clj", :fixed-arities #{2 3}, :from clojure-lsp.config, :from-var jar-file->config, :name split, :name-col 44, :name-end-col 56, :name-end-row 96, :name-row 96, :row 96, :to clojure.string}
{:arity 2, :col 57, :context {}, :end-col 80, :end-row 96, :filename "lib/src/clojure_lsp/config.clj", :from clojure-lsp.config, :from-var jar-file->config, :name ., :row 96, :to clojure.core}
{:arity 3, :col 20, :context {}, :end-col 83, :end-row 101, :filename "lib/src/clojure_lsp/config.clj", :from clojure-lsp.config, :from-var jar-file->config, :macro true, :name when, :name-col 21, :name-end-col 25, :name-end-row 97, :name-row 97, :row 97, :to clojure.core, :varargs-min-arity 1}
{:arity 2, :col 26, :context {}, :end-col 83, :end-row 98, :filename "lib/src/clojure_lsp/config.clj", :fixed-arities #{2}, :from clojure-lsp.config, :from-var jar-file->config, :name some, :name-col 27, :name-end-col 31, :name-end-row 97, :name-row 97, :row 97, :to clojure.core}
{:arity 2, :col 32, :context {}, :end-col 69, :end-row 98, :filename "lib/src/clojure_lsp/config.clj", :from clojure-lsp.config, :from-var jar-file->config, :name fn*, :row 97, :to clojure.core}
{:arity 2, :col 33, :context {}, :end-col 69, :end-row 98, :filename "lib/src/clojure_lsp/config.clj", :fixed-arities #{0 1}, :from clojure-lsp.config, :from-var jar-file->config, :macro true, :name and, :name-col 34, :name-end-col 37, :name-end-row 97, :name-row 97, :row 97, :to clojure.core, :varargs-min-arity 1}
{:alias string, :arity 2, :col 38, :context {}, :end-col 67, :end-row 97, :filename "lib/src/clojure_lsp/config.clj", :fixed-arities #{2}, :from clojure-lsp.config, :from-var jar-file->config, :name starts-with?, :name-col 39, :name-end-col 58, :name-end-row 97, :name-row 97, :row 97, :to clojure.string}
{:alias string, :arity 2, :col 38, :context {}, :end-col 68, :end-row 98, :filename "lib/src/clojure_lsp/config.clj", :fixed-arities #{2}, :from clojure-lsp.config, :from-var jar-file->config, :name ends-with?, :name-col 39, :name-end-col 56, :name-end-row 98, :name-row 98, :row 98, :to clojure.string}
{:alias logger, :arity 2, :col 22, :context {}, :end-col 120, :end-row 99, :filename "lib/src/clojure_lsp/config.clj", :from clojure-lsp.config, :from-var jar-file->config, :macro true, :name info, :name-col 23, :name-end-col 34, :name-end-row 99, :name-row 99, :row 99, :to clojure-lsp.logger, :varargs-min-arity 0}
{:arity 3, :col 56, :context {}, :end-col 119, :end-row 99, :filename "lib/src/clojure_lsp/config.clj", :from clojure-lsp.config, :from-var jar-file->config, :name format, :name-col 57, :name-end-col 63, :name-end-row 99, :name-row 99, :row 99, :to clojure.core, :varargs-min-arity 1}
{:alias edn, :arity 2, :col 22, :context {}, :end-col 82, :end-row 101, :filename "lib/src/clojure_lsp/config.clj", :fixed-arities #{1 2}, :from clojure-lsp.config, :from-var jar-file->config, :name read-string, :name-col 23, :name-end-col 38, :name-end-row 100, :name-row 100, :row 100, :to clojure.edn}
{:col 54, :context {}, :end-col 64, :end-row 100, :filename "lib/src/clojure_lsp/config.clj", :fixed-arities #{1}, :from clojure-lsp.config, :from-var jar-file->config, :name re-pattern, :name-col 54, :name-end-col 64, :name-end-row 100, :name-row 100, :row 100, :to clojure.core}
{:arity 1, :col 39, :context {}, :end-col 81, :end-row 101, :filename "lib/src/clojure_lsp/config.clj", :from clojure-lsp.config, :from-var jar-file->config, :name slurp, :name-col 40, :name-end-col 45, :name-end-row 101, :name-row 101, :row 101, :to clojure.core, :varargs-min-arity 1}
{:arity 3, :col 46, :context {}, :end-col 80, :end-row 101, :filename "lib/src/clojure_lsp/config.clj", :from clojure-lsp.config, :from-var jar-file->config, :name ., :row 101, :to clojure.core}
{:arity 4, :col 1, :context {}, :end-col 70, :end-row 125, :filename "lib/src/clojure_lsp/config.clj", :from clojure-lsp.config, :macro true, :name defn, :name-col 2, :name-end-col 6, :name-end-row 103, :name-row 103, :row 103, :to clojure.core, :varargs-min-arity 2}
{:arity 2, :col 4, :context {}, :end-col 21, :end-row 123, :filename "lib/src/clojure_lsp/config.clj", :from clojure-lsp.config, :from-var deep-merge-considering-settings, :macro true, :name let, :name-col 5, :name-end-col 8, :name-end-row 107, :name-row 107, :row 107, :to clojure.core, :varargs-min-arity 1}
{:alias shared, :arity 2, :col 22, :context {}, :end-col 45, :end-row 107, :filename "lib/src/clojure_lsp/config.clj", :from clojure-lsp.config, :from-var deep-merge-considering-settings, :name deep-merge, :name-col 23, :name-end-col 40, :name-end-row 107, :name-row 107, :row 107, :to clojure-lsp.shared}
{:arity 8, :col 6, :context {}, :end-col 20, :end-row 123, :filename "lib/src/clojure_lsp/config.clj", :from clojure-lsp.config, :from-var deep-merge-considering-settings, :macro true, :name cond, :name-col 7, :name-end-col 11, :name-end-row 108, :name-row 108, :row 108, :to clojure.core, :varargs-min-arity 0}
{:arity 3, :col 8, :context {}, :end-col 41, :end-row 109, :filename "lib/src/clojure_lsp/config.clj", :from clojure-lsp.config, :from-var deep-merge-considering-settings, :macro true, :name ->, :name-col 9, :name-end-col 11, :name-end-row 109, :name-row 109, :row 109, :to clojure.core, :varargs-min-arity 1}
{:arity 2, :col 8, :context {}, :end-col 70, :end-row 113, :filename "lib/src/clojure_lsp/config.clj", :from clojure-lsp.config, :from-var deep-merge-considering-settings, :macro true, :name let, :name-col 9, :name-end-col 12, :name-end-row 110, :name-row 110, :row 110, :to clojure.core, :varargs-min-arity 1}
{:arity 3, :col 23, :context {}, :end-col 46, :end-row 110, :filename "lib/src/clojure_lsp/config.clj", :from clojure-lsp.config, :from-var deep-merge-considering-settings, :macro true, :name ->, :name-col 24, :name-end-col 26, :name-end-row 110, :name-row 110, :row 110, :to clojure.core, :varargs-min-arity 1}
{:arity 3, :col 23, :context {}, :end-col 46, :end-row 111, :filename "lib/src/clojure_lsp/config.clj", :from clojure-lsp.config, :from-var deep-merge-considering-settings, :macro true, :name ->, :name-col 24, :name-end-col 26, :name-end-row 111, :name-row 111, :row 111, :to clojure.core, :varargs-min-arity 1}
{:arity 2, :col 10, :context {}, :end-col 69, :end-row 113, :filename "lib/src/clojure_lsp/config.clj", :from clojure-lsp.config, :from-var deep-merge-considering-settings, :macro true, :name ->, :name-col 11, :name-end-col 13, :name-end-row 112, :name-row 112, :row 112, :to clojure.core, :varargs-min-arity 1}
{:arity 5, :col 14, :context {}, :end-col 68, :end-row 113, :filename "lib/src/clojure_lsp/config.clj", :from clojure-lsp.config, :from-var deep-merge-considering-settings, :name update-in, :name-col 15, :name-end-col 24, :name-end-row 113, :name-row 113, :row 113, :to clojure.core, :varargs-min-arity 3}
{:arity 3, :col 44, :context {}, :end-col 49, :end-row 113, :filename "lib/src/clojure_lsp/config.clj", :from clojure-lsp.config, :from-var deep-merge-considering-settings, :name merge, :row 113, :to clojure.core, :varargs-min-arity 0}
{:col 44, :context {}, :end-col 49, :end-row 113, :filename "lib/src/clojure_lsp/config.clj", :from clojure-lsp.config, :from-var deep-merge-considering-settings, :name merge, :name-col 44, :name-end-col 49, :name-end-row 113, :name-row 113, :row 113, :to clojure.core, :varargs-min-arity 0}
{:arity 1, :col 8, :context {}, :end-col 47, :end-row 115, :filename "lib/src/clojure_lsp/config.clj", :fixed-arities #{1}, :from clojure-lsp.config, :from-var deep-merge-considering-settings, :name seq, :name-col 9, :name-end-col 12, :name-end-row 115, :name-row 115, :row 115, :to clojure.core}
{:arity 3, :col 8, :context {}, :end-col 57, :end-row 116, :filename "lib/src/clojure_lsp/config.clj", :fixed-arities #{3 4 5 6}, :from clojure-lsp.config, :from-var deep-merge-considering-settings, :name update, :name-col 9, :name-end-col 15, :name-end-row 116, :name-row 116, :row 116, :to clojure.core, :varargs-min-arity 6}
{:arity 1, :col 48, :context {}, :end-col 56, :end-row 116, :filename "lib/src/clojure_lsp/config.clj", :fixed-arities #{0 1}, :from clojure-lsp.config, :from-var deep-merge-considering-settings, :name distinct, :row 116, :to clojure.core}
{:col 48, :context {}, :end-col 56, :end-row 116, :filename "lib/src/clojure_lsp/config.clj", :fixed-arities #{0 1}, :from clojure-lsp.config, :from-var deep-merge-considering-settings, :name distinct, :name-col 48, :name-end-col 56, :name-end-row 116, :name-row 116, :row 116, :to clojure.core}
{:arity 1, :col 8, :context {}, :end-col 44, :end-row 118, :filename "lib/src/clojure_lsp/config.clj", :fixed-arities #{1}, :from clojure-lsp.config, :from-var deep-merge-considering-settings, :name coll?, :name-col 9, :name-end-col 14, :name-end-row 118, :name-row 118, :row 118, :to clojure.core}
{:arity 3, :col 8, :context {}, :end-col 79, :end-row 120, :filename "lib/src/clojure_lsp/config.clj", :fixed-arities #{3}, :from clojure-lsp.config, :from-var deep-merge-considering-settings, :name assoc, :name-col 9, :name-end-col 14, :name-end-row 119, :name-row 119, :row 119, :to clojure.core, :varargs-min-arity 3}
{:alias medley, :arity 2, :col 15, :context {}, :end-col 78, :end-row 120, :filename "lib/src/clojure_lsp/config.clj", :from clojure-lsp.config, :from-var deep-merge-considering-settings, :name distinct-by, :name-col 16, :name-end-col 34, :name-end-row 120, :name-row 120, :row 120, :to medley.core}
{:arity 3, :col 4, :context {}, :end-col 68, :end-row 125, :filename "lib/src/clojure_lsp/config.clj", :fixed-arities #{2 3}, :from clojure-lsp.config, :from-var deep-merge-considering-settings, :name reduce, :name-col 5, :name-end-col 11, :name-end-row 125, :name-row 125, :row 125, :to clojure.core}
{:arity 2, :col 12, :context {}, :end-col 43, :end-row 125, :filename "lib/src/clojure_lsp/config.clj", :fixed-arities #{2}, :from clojure-lsp.config, :from-var deep-merge-considering-settings, :name deep-merge-considering-settings, :row 125, :to clojure-lsp.config, :varargs-min-arity 2}
{:col 12, :context {}, :end-col 43, :end-row 125, :filename "lib/src/clojure_lsp/config.clj", :fixed-arities #{2}, :from clojure-lsp.config, :from-var deep-merge-considering-settings, :name deep-merge-considering-settings, :name-col 12, :name-end-col 43, :name-end-row 125, :name-row 125, :row 125, :to clojure-lsp.config, :varargs-min-arity 2}
{:arity 2, :col 44, :context {}, :end-col 53, :end-row 125, :filename "lib/src/clojure_lsp/config.clj", :fixed-arities #{0 1}, :from clojure-lsp.config, :from-var deep-merge-considering-settings, :macro true, :name or, :name-col 45, :name-end-col 47, :name-end-row 125, :name-row 125, :row 125, :to clojure.core, :varargs-min-arity 1}
{:arity 2, :col 54, :context {}, :end-col 67, :end-row 125, :filename "lib/src/clojure_lsp/config.clj", :fixed-arities #{2}, :from clojure-lsp.config, :from-var deep-merge-considering-settings, :name cons, :name-col 55, :name-end-col 59, :name-end-row 125, :name-row 125, :row 125, :to clojure.core}
{:arity 4, :col 1, :context {}, :end-col 15, :end-row 138, :filename "lib/src/clojure_lsp/config.clj", :from clojure-lsp.config, :macro true, :name defn, :name-col 2, :name-end-col 6, :name-end-row 127, :name-row 127, :row 127, :to clojure.core, :varargs-min-arity 2}
{:alias shared, :arity 2, :col 3, :context {}, :end-col 14, :end-row 138, :filename "lib/src/clojure_lsp/config.clj", :from clojure-lsp.config, :from-var with-legacy-linters-kondo-config, :name deep-merge, :name-col 4, :name-end-col 21, :name-end-row 131, :name-row 131, :row 131, :to clojure-lsp.shared}
{:alias shared, :arity 7, :col 5, :context {}, :end-col 44, :end-row 137, :filename "lib/src/clojure_lsp/config.clj", :from clojure-lsp.config, :from-var with-legacy-linters-kondo-config, :name assoc-some, :name-col 6, :name-end-col 23, :name-end-row 132, :name-row 132, :row 132, :to clojure-lsp.shared}
{:arity 1, :col 16, :context {}, :end-col 98, :end-row 135, :filename "lib/src/clojure_lsp/config.clj", :fixed-arities #{1}, :from clojure-lsp.config, :from-var with-legacy-linters-kondo-config, :name not-empty, :name-col 17, :name-end-col 26, :name-end-row 134, :name-row 134, :row 134, :to clojure.core}
{:arity 2, :col 27, :context {}, :end-col 97, :end-row 135, :filename "lib/src/clojure_lsp/config.clj", :fixed-arities #{2}, :from clojure-lsp.config, :from-var with-legacy-linters-kondo-config, :name select-keys, :name-col 28, :name-end-col 39, :name-end-row 134, :name-row 134, :row 134, :to clojure.core}
{:arity 3, :col 1, :context {}, :end-col 61, :end-row 153, :filename "lib/src/clojure_lsp/config.clj", :from clojure-lsp.config, :macro true, :name defn, :name-col 2, :name-end-col 6, :name-end-row 140, :name-row 140, :row 140, :to clojure.core, :varargs-min-arity 2}
{:arity 2, :col 3, :context {}, :end-col 60, :end-row 153, :filename "lib/src/clojure_lsp/config.clj", :from clojure-lsp.config, :from-var resolve-from-classpath-config-paths-impl, :macro true, :name when-let, :name-col 4, :name-end-col 12, :name-end-row 141, :name-row 141, :row 141, :to clojure.core, :varargs-min-arity 1}
{:arity 2, :col 30, :context {}, :end-col 64, :end-row 142, :filename "lib/src/clojure_lsp/config.clj", :fixed-arities #{0 1}, :from clojure-lsp.config, :from-var resolve-from-classpath-config-paths-impl, :macro true, :name and, :name-col 31, :name-end-col 34, :name-end-row 141, :name-row 141, :row 141, :to clojure.core, :varargs-min-arity 1}
{:arity 1, :col 35, :context {}, :end-col 65, :end-row 141, :filename "lib/src/clojure_lsp/config.clj", :fixed-arities #{1}, :from clojure-lsp.config, :from-var resolve-from-classpath-config-paths-impl, :name coll?, :name-col 36, :name-end-col 41, :name-end-row 141, :name-row 141, :row 141, :to clojure.core}
{:arity 1, :col 35, :context {}, :end-col 63, :end-row 142, :filename "lib/src/clojure_lsp/config.clj", :fixed-arities #{1}, :from clojure-lsp.config, :from-var resolve-from-classpath-config-paths-impl, :name seq, :name-col 36, :name-end-col 39, :name-end-row 142, :name-row 142, :row 142, :to clojure.core}
{:arity 2, :col 5, :context {}, :end-col 59, :end-row 153, :filename "lib/src/clojure_lsp/config.clj", :from clojure-lsp.config, :from-var resolve-from-classpath-config-paths-impl, :macro true, :name when-let, :name-col 6, :name-end-col 14, :name-end-row 143, :name-row 143, :row 143, :to clojure.core, :varargs-min-arity 1}
{:arity 5, :col 26, :context {}, :end-col 60, :end-row 147, :filename "lib/src/clojure_lsp/config.clj", :from clojure-lsp.config, :from-var resolve-from-classpath-config-paths-impl, :macro true, :name ->>, :name-col 27, :name-end-col 30, :name-end-row 143, :name-row 143, :row 143, :to clojure.core, :varargs-min-arity 1}
{:arity 2, :col 31, :context {}, :end-col 69, :end-row 144, :filename "lib/src/clojure_lsp/config.clj", :fixed-arities #{1 2}, :from clojure-lsp.config, :from-var resolve-from-classpath-config-paths-impl, :name filter, :name-col 32, :name-end-col 38, :name-end-row 144, :name-row 144, :row 144, :to clojure.core}
{:arity 2, :col 39, :context {}, :end-col 68, :end-row 144, :filename "lib/src/clojure_lsp/config.clj", :from clojure-lsp.config, :from-var resolve-from-classpath-config-paths-impl, :name fn*, :row 144, :to clojure.core}
{:alias string, :arity 2, :col 40, :context {}, :end-col 68, :end-row 144, :filename "lib/src/clojure_lsp/config.clj", :fixed-arities #{2}, :from clojure-lsp.config, :from-var resolve-from-classpath-config-paths-impl, :name ends-with?, :name-col 41, :name-end-col 58, :name-end-row 144, :name-row 144, :row 144, :to clojure.string}
{:arity 1, :col 31, :context {}, :end-col 39, :end-row 145, :filename "lib/src/clojure_lsp/config.clj", :fixed-arities #{0 1}, :from clojure-lsp.config, :from-var resolve-from-classpath-config-paths-impl, :name distinct, :name-col 31, :name-end-col 39, :name-end-row 145, :name-row 145, :row 145, :to clojure.core}
{:arity 2, :col 31, :context {}, :end-col 44, :end-row 146, :filename "lib/src/clojure_lsp/config.clj", :fixed-arities #{1 2 3 4}, :from clojure-lsp.config, :from-var resolve-from-classpath-config-paths-impl, :name map, :name-col 32, :name-end-col 35, :name-end-row 146, :name-row 146, :row 146, :to clojure.core, :varargs-min-arity 4}
{:alias io, :arity 1, :col 36, :context {}, :end-col 43, :end-row 146, :filename "lib/src/clojure_lsp/config.clj", :fixed-arities #{1 2}, :from clojure-lsp.config, :from-var resolve-from-classpath-config-paths-impl, :name file, :row 146, :to clojure.java.io, :varargs-min-arity 2}
{:alias io, :col 36, :context {}, :end-col 43, :end-row 146, :filename "lib/src/clojure_lsp/config.clj", :fixed-arities #{1 2}, :from clojure-lsp.config, :from-var resolve-from-classpath-config-paths-impl, :name file, :name-col 36, :name-end-col 43, :name-end-row 146, :name-row 146, :row 146, :to clojure.java.io, :varargs-min-arity 2}
{:arity 2, :col 31, :context {}, :end-col 59, :end-row 147, :filename "lib/src/clojure_lsp/config.clj", :fixed-arities #{1 2}, :from clojure-lsp.config, :from-var resolve-from-classpath-config-paths-impl, :name filter, :name-col 32, :name-end-col 38, :name-end-row 147, :name-row 147, :row 147, :to clojure.core}
{:alias shared, :arity 1, :col 39, :context {}, :end-col 58, :end-row 147, :filename "lib/src/clojure_lsp/config.clj", :from clojure-lsp.config, :from-var resolve-from-classpath-config-paths-impl, :name file-exists?, :row 147, :to clojure-lsp.shared}
{:alias shared, :col 39, :context {}, :end-col 58, :end-row 147, :filename "lib/src/clojure_lsp/config.clj", :from clojure-lsp.config, :from-var resolve-from-classpath-config-paths-impl, :name file-exists?, :name-col 39, :name-end-col 58, :name-end-row 147, :name-row 147, :row 147, :to clojure-lsp.shared}
{:arity 2, :col 7, :context {}, :end-col 58, :end-row 153, :filename "lib/src/clojure_lsp/config.clj", :from clojure-lsp.config, :from-var resolve-from-classpath-config-paths-impl, :macro true, :name when-let, :name-col 8, :name-end-col 16, :name-end-row 148, :name-row 148, :row 148, :to clojure.core, :varargs-min-arity 1}
{:arity 5, :col 26, :context {}, :end-col 35, :end-row 152, :filename "lib/src/clojure_lsp/config.clj", :from clojure-lsp.config, :from-var resolve-from-classpath-config-paths-impl, :macro true, :name ->>, :name-col 27, :name-end-col 30, :name-end-row 148, :name-row 148, :row 148, :to clojure.core, :varargs-min-arity 1}
{:arity 2, :col 31, :context {}, :end-col 74, :end-row 149, :filename "lib/src/clojure_lsp/config.clj", :fixed-arities #{1 2 3 4}, :from clojure-lsp.config, :from-var resolve-from-classpath-config-paths-impl, :name map, :name-col 32, :name-end-col 35, :name-end-row 149, :name-row 149, :row 149, :to clojure.core, :varargs-min-arity 4}
{:arity 2, :col 36, :context {}, :end-col 73, :end-row 149, :filename "lib/src/clojure_lsp/config.clj", :from clojure-lsp.config, :from-var resolve-from-classpath-config-paths-impl, :name fn*, :row 149, :to clojure.core}
{:arity 2, :col 37, :context {}, :end-col 73, :end-row 149, :filename "lib/src/clojure_lsp/config.clj", :fixed-arities #{2}, :from clojure-lsp.config, :from-var resolve-from-classpath-config-paths-impl, :name jar-file->config, :name-col 38, :name-end-col 54, :name-end-row 149, :name-row 149, :private true, :row 149, :to clojure-lsp.config}
{:arity 1, :col 31, :context {}, :end-col 38, :end-row 150, :filename "lib/src/clojure_lsp/config.clj", :fixed-arities #{1}, :from clojure-lsp.config, :from-var resolve-from-classpath-config-paths-impl, :name flatten, :name-col 31, :name-end-col 38, :name-end-row 150, :name-row 150, :row 150, :to clojure.core}
{:arity 2, :col 31, :context {}, :end-col 44, :end-row 151, :filename "lib/src/clojure_lsp/config.clj", :fixed-arities #{1 2}, :from clojure-lsp.config, :from-var resolve-from-classpath-config-paths-impl, :name remove, :name-col 32, :name-end-col 38, :name-end-row 151, :name-row 151, :row 151, :to clojure.core}
{:arity 1, :col 39, :context {}, :end-col 43, :end-row 151, :filename "lib/src/clojure_lsp/config.clj", :fixed-arities #{1}, :from clojure-lsp.config, :from-var resolve-from-classpath-config-paths-impl, :name nil?, :row 151, :to clojure.core}
{:col 39, :context {}, :end-col 43, :end-row 151, :filename "lib/src/clojure_lsp/config.clj", :fixed-arities #{1}, :from clojure-lsp.config, :from-var resolve-from-classpath-config-paths-impl, :name nil?, :name-col 39, :name-end-col 43, :name-end-row 151, :name-row 151, :row 151, :to clojure.core}
{:arity 1, :col 31, :context {}, :end-col 34, :end-row 152, :filename "lib/src/clojure_lsp/config.clj", :fixed-arities #{1}, :from clojure-lsp.config, :from-var resolve-from-classpath-config-paths-impl, :name seq, :name-col 31, :name-end-col 34, :name-end-row 152, :name-row 152, :row 152, :to clojure.core}
{:arity 2, :col 9, :context {}, :end-col 57, :end-row 153, :filename "lib/src/clojure_lsp/config.clj", :fixed-arities #{2 3}, :from clojure-lsp.config, :from-var resolve-from-classpath-config-paths-impl, :name reduce, :name-col 10, :name-end-col 16, :name-end-row 153, :name-row 153, :row 153, :to clojure.core}
{:arity 2, :col 17, :context {}, :end-col 48, :end-row 153, :filename "lib/src/clojure_lsp/config.clj", :fixed-arities #{2}, :from clojure-lsp.config, :from-var resolve-from-classpath-config-paths-impl, :name deep-merge-considering-settings, :row 153, :to clojure-lsp.config, :varargs-min-arity 2}
{:col 17, :context {}, :end-col 48, :end-row 153, :filename "lib/src/clojure_lsp/config.clj", :fixed-arities #{2}, :from clojure-lsp.config, :from-var resolve-from-classpath-config-paths-impl, :name deep-merge-considering-settings, :name-col 17, :name-end-col 48, :name-end-row 153, :name-row 153, :row 153, :to clojure-lsp.config, :varargs-min-arity 2}
{:arity 3, :col 1, :context {}, :end-col 38, :end-row 157, :filename "lib/src/clojure_lsp/config.clj", :from clojure-lsp.config, :macro true, :name defn, :name-col 2, :name-end-col 6, :name-end-row 155, :name-row 155, :row 155, :to clojure.core, :varargs-min-arity 2}
{:arity 2, :col 3, :context {}, :end-col 37, :end-row 157, :filename "lib/src/clojure_lsp/config.clj", :fixed-arities #{0 1}, :from clojure-lsp.config, :from-var classpath-config-paths?, :macro true, :name and, :name-col 4, :name-end-col 7, :name-end-row 156, :name-row 156, :row 156, :to clojure.core, :varargs-min-arity 1}
{:arity 1, :col 8, :context {}, :end-col 38, :end-row 156, :filename "lib/src/clojure_lsp/config.clj", :fixed-arities #{1}, :from clojure-lsp.config, :from-var classpath-config-paths?, :name coll?, :name-col 9, :name-end-col 14, :name-end-row 156, :name-row 156, :row 156, :to clojure.core}
{:arity 1, :col 8, :context {}, :end-col 36, :end-row 157, :filename "lib/src/clojure_lsp/config.clj", :fixed-arities #{1}, :from clojure-lsp.config, :from-var classpath-config-paths?, :name seq, :name-col 9, :name-end-col 12, :name-end-row 157, :name-row 157, :row 157, :to clojure.core}
{:arity 3, :col 1, :context {}, :end-col 57, :end-row 168, :filename "lib/src/clojure_lsp/config.clj", :from clojure-lsp.config, :macro true, :name defn, :name-col 2, :name-end-col 6, :name-end-row 159, :name-row 159, :row 159, :to clojure.core, :varargs-min-arity 2}
{:alias shared, :arity 2, :col 3, :context {}, :end-col 56, :end-row 168, :filename "lib/src/clojure_lsp/config.clj", :from clojure-lsp.config, :from-var resolve-from-classpath-config-paths, :name logging-task, :name-col 4, :name-end-col 23, :name-end-row 160, :name-row 160, :row 160, :to clojure-lsp.shared}
{:arity 2, :col 5, :context {}, :end-col 55, :end-row 168, :filename "lib/src/clojure_lsp/config.clj", :from clojure-lsp.config, :from-var resolve-from-classpath-config-paths, :macro true, :name loop, :name-col 6, :name-end-col 10, :name-end-row 162, :name-row 162, :row 162, :to clojure.core, :varargs-min-arity 1}
{:arity 2, :col 61, :context {}, :end-col 122, :end-row 162, :filename "lib/src/clojure_lsp/config.clj", :fixed-arities #{2}, :from clojure-lsp.config, :from-var resolve-from-classpath-config-paths, :name resolve-from-classpath-config-paths-impl, :name-col 62, :name-end-col 102, :name-end-row 162, :name-row 162, :private true, :row 162, :to clojure-lsp.config}
{:arity 3, :col 7, :context {}, :end-col 54, :end-row 168, :filename "lib/src/clojure_lsp/config.clj", :from clojure-lsp.config, :from-var resolve-from-classpath-config-paths, :name if, :name-col 8, :name-end-col 10, :name-end-row 164, :name-row 164, :row 164, :to clojure.core}
{:arity 2, :col 11, :context {}, :end-col 45, :end-row 165, :filename "lib/src/clojure_lsp/config.clj", :fixed-arities #{0 1}, :from clojure-lsp.config, :from-var resolve-from-classpath-config-paths, :macro true, :name and, :name-col 12, :name-end-col 15, :name-end-row 164, :name-row 164, :row 164, :to clojure.core, :varargs-min-arity 1}
{:arity 1, :col 16, :context {}, :end-col 46, :end-row 164, :filename "lib/src/clojure_lsp/config.clj", :fixed-arities #{1}, :from clojure-lsp.config, :from-var resolve-from-classpath-config-paths, :name coll?, :name-col 17, :name-end-col 22, :name-end-row 164, :name-row 164, :row 164, :to clojure.core}
{:arity 1, :col 16, :context {}, :end-col 44, :end-row 165, :filename "lib/src/clojure_lsp/config.clj", :fixed-arities #{1}, :from clojure-lsp.config, :from-var resolve-from-classpath-config-paths, :name seq, :name-col 17, :name-end-col 20, :name-end-row 165, :name-row 165, :row 165, :to clojure.core}
{:arity 2, :col 9, :context {}, :end-col 28, :end-row 167, :filename "lib/src/clojure_lsp/config.clj", :from clojure-lsp.config, :from-var resolve-from-classpath-config-paths, :name recur, :name-col 10, :name-end-col 15, :name-end-row 166, :name-row 166, :row 166, :to clojure.core}
{:arity 2, :col 16, :context {}, :end-col 80, :end-row 166, :filename "lib/src/clojure_lsp/config.clj", :fixed-arities #{2}, :from clojure-lsp.config, :from-var resolve-from-classpath-config-paths, :name resolve-from-classpath-config-paths-impl, :name-col 17, :name-end-col 57, :name-end-row 166, :name-row 166, :private true, :row 166, :to clojure-lsp.config}
{:alias shared, :arity 2, :col 9, :context {}, :end-col 53, :end-row 168, :filename "lib/src/clojure_lsp/config.clj", :from clojure-lsp.config, :from-var resolve-from-classpath-config-paths, :name deep-merge, :name-col 10, :name-end-col 27, :name-end-row 168, :name-row 168, :row 168, :to clojure-lsp.shared}
{:arity 2, :col 1, :context {}, :end-col 33, :end-row 8, :filename "lib/src/clojure_lsp/diff.clj", :fixed-arities #{2}, :from clojure-lsp.diff, :macro true, :name set!, :name-col 2, :name-end-col 6, :name-end-row 8, :name-row 8, :row 8, :to clojure.core}
{:col 7, :context {}, :end-col 27, :end-row 8, :filename "lib/src/clojure_lsp/diff.clj", :from clojure-lsp.diff, :name *warn-on-reflection*, :name-col 7, :name-end-col 27, :name-end-row 8, :name-row 8, :row 8, :to clojure.core}
{:arity 4, :col 1, :context {}, :end-col 26, :end-row 13, :filename "lib/src/clojure_lsp/diff.clj", :from clojure-lsp.diff, :macro true, :name defn-, :name-col 2, :name-end-col 7, :name-end-row 10, :name-row 10, :row 10, :to clojure.core, :varargs-min-arity 2}
{:alias string, :arity 1, :col 3, :context {}, :end-col 25, :end-row 13, :filename "lib/src/clojure_lsp/diff.clj", :fixed-arities #{1}, :from clojure-lsp.diff, :from-var lines, :name split-lines, :name-col 4, :name-end-col 22, :name-end-row 13, :name-row 13, :row 13, :to clojure.string}
{:arity 4, :col 1, :context {}, :end-col 42, :end-row 18, :filename "lib/src/clojure_lsp/diff.clj", :from clojure-lsp.diff, :macro true, :name defn-, :name-col 2, :name-end-col 7, :name-end-row 15, :name-row 15, :row 15, :to clojure.core, :varargs-min-arity 2}
{:alias string, :arity 2, :col 3, :context {}, :end-col 41, :end-row 18, :filename "lib/src/clojure_lsp/diff.clj", :fixed-arities #{1 2}, :from clojure-lsp.diff, :from-var unlines, :name join, :name-col 4, :name-end-col 15, :name-end-row 18, :name-row 18, :row 18, :to clojure.string}
{:alias shared, :col 16, :context {}, :end-col 37, :end-row 18, :filename "lib/src/clojure_lsp/diff.clj", :from clojure-lsp.diff, :from-var unlines, :name line-separator, :name-col 16, :name-end-col 37, :name-end-row 18, :name-row 18, :row 18, :to clojure-lsp.shared}
{:arity 3, :col 1, :context {}, :end-col 29, :end-row 34, :filename "lib/src/clojure_lsp/diff.clj", :from clojure-lsp.diff, :macro true, :name defn, :name-col 2, :name-end-col 6, :name-end-row 20, :name-row 20, :row 20, :to clojure.core, :varargs-min-arity 2}
{:arity 6, :col 4, :context {}, :end-col 70, :end-row 22, :filename "lib/src/clojure_lsp/diff.clj", :fixed-arities #{5 6}, :from clojure-lsp.diff, :from-var unified-diff, :name unified-diff, :name-col 5, :name-end-col 17, :name-end-row 22, :name-row 22, :row 22, :to clojure-lsp.diff}
{:arity 2, :col 4, :context {}, :end-col 27, :end-row 34, :filename "lib/src/clojure_lsp/diff.clj", :from clojure-lsp.diff, :from-var unified-diff, :macro true, :name let, :name-col 5, :name-end-col 8, :name-end-row 24, :name-row 24, :row 24, :to clojure.core, :varargs-min-arity 1}
{:alias shared, :arity 1, :col 23, :context {}, :end-col 62, :end-row 24, :filename "lib/src/clojure_lsp/diff.clj", :from clojure-lsp.diff, :from-var unified-diff, :name uri->filename, :name-col 24, :name-end-col 44, :name-end-row 24, :name-row 24, :row 24, :to clojure-lsp.shared}
{:arity 1, :col 6, :context {}, :end-col 26, :end-row 34, :filename "lib/src/clojure_lsp/diff.clj", :fixed-arities #{1}, :from clojure-lsp.diff, :from-var unified-diff, :name unlines, :name-col 7, :name-end-col 14, :name-end-row 25, :name-row 25, :private true, :row 25, :to clojure-lsp.diff}
{:arity 2, :col 17, :context {}, :end-col 74, :end-row 28, :filename "lib/src/clojure_lsp/diff.clj", :fixed-arities #{0 1}, :from clojure-lsp.diff, :from-var unified-diff, :name str, :name-col 18, :name-end-col 21, :name-end-row 26, :name-row 26, :row 26, :to clojure.core, :varargs-min-arity 1}
{:arity 3, :col 27, :context {}, :end-col 73, :end-row 28, :filename "lib/src/clojure_lsp/diff.clj", :from clojure-lsp.diff, :from-var unified-diff, :macro true, :name ->, :name-col 28, :name-end-col 30, :name-end-row 26, :name-row 26, :row 26, :to clojure.core, :varargs-min-arity 1}
{:alias shared, :arity 1, :col 31, :context {}, :end-col 51, :end-row 27, :filename "lib/src/clojure_lsp/diff.clj", :from clojure-lsp.diff, :from-var unified-diff, :name uri->filename, :name-col 31, :name-end-col 51, :name-end-row 27, :name-row 27, :row 27, :to clojure-lsp.shared}
{:alias shared, :arity 2, :col 31, :context {}, :end-col 72, :end-row 28, :filename "lib/src/clojure_lsp/diff.clj", :from clojure-lsp.diff, :from-var unified-diff, :name relativize-filepath, :name-col 32, :name-end-col 58, :name-end-row 28, :name-row 28, :row 28, :to clojure-lsp.shared}
{:arity 2, :col 17, :context {}, :end-col 74, :end-row 31, :filename "lib/src/clojure_lsp/diff.clj", :fixed-arities #{0 1}, :from clojure-lsp.diff, :from-var unified-diff, :name str, :name-col 18, :name-end-col 21, :name-end-row 29, :name-row 29, :row 29, :to clojure.core, :varargs-min-arity 1}
{:arity 3, :col 27, :context {}, :end-col 73, :end-row 31, :filename "lib/src/clojure_lsp/diff.clj", :from clojure-lsp.diff, :from-var unified-diff, :macro true, :name ->, :name-col 28, :name-end-col 30, :name-end-row 29, :name-row 29, :row 29, :to clojure.core, :varargs-min-arity 1}
{:alias shared, :arity 1, :col 31, :context {}, :end-col 51, :end-row 30, :filename "lib/src/clojure_lsp/diff.clj", :from clojure-lsp.diff, :from-var unified-diff, :name uri->filename, :name-col 31, :name-end-col 51, :name-end-row 30, :name-row 30, :row 30, :to clojure-lsp.shared}
{:alias shared, :arity 2, :col 31, :context {}, :end-col 72, :end-row 31, :filename "lib/src/clojure_lsp/diff.clj", :from clojure-lsp.diff, :from-var unified-diff, :name relativize-filepath, :name-col 32, :name-end-col 58, :name-end-row 31, :name-row 31, :row 31, :to clojure-lsp.shared}
{:arity 1, :col 17, :context {}, :end-col 33, :end-row 32, :filename "lib/src/clojure_lsp/diff.clj", :fixed-arities #{1}, :from clojure-lsp.diff, :from-var unified-diff, :name lines, :name-col 18, :name-end-col 23, :name-end-row 32, :name-row 32, :private true, :row 32, :to clojure-lsp.diff}
{:arity 1, :col 33, :context {}, :end-col 49, :end-row 33, :filename "lib/src/clojure_lsp/diff.clj", :fixed-arities #{1}, :from clojure-lsp.diff, :from-var unified-diff, :name lines, :name-col 34, :name-end-col 39, :name-end-row 33, :name-row 33, :private true, :row 33, :to clojure-lsp.diff}
{:arity 1, :col 50, :context {}, :end-col 65, :end-row 33, :filename "lib/src/clojure_lsp/diff.clj", :fixed-arities #{1}, :from clojure-lsp.diff, :from-var unified-diff, :name lines, :name-col 51, :name-end-col 56, :name-end-row 33, :name-row 33, :private true, :row 33, :to clojure-lsp.diff}
{:arity 3, :col 1, :context {}, :end-col 20, :end-row 45, :filename "lib/src/clojure_lsp/diff.clj", :from clojure-lsp.diff, :macro true, :name defn, :name-col 2, :name-end-col 6, :name-end-row 36, :name-row 36, :row 36, :to clojure.core, :varargs-min-arity 2}
{:arity 2, :col 3, :context {}, :end-col 19, :end-row 45, :filename "lib/src/clojure_lsp/diff.clj", :from clojure-lsp.diff, :from-var rename-diff, :macro true, :name let, :name-col 4, :name-end-col 7, :name-end-row 38, :name-row 38, :row 38, :to clojure.core, :varargs-min-arity 1}
{:alias shared, :arity 1, :col 22, :context {}, :end-col 61, :end-row 38, :filename "lib/src/clojure_lsp/diff.clj", :from clojure-lsp.diff, :from-var rename-diff, :name uri->filename, :name-col 23, :name-end-col 43, :name-end-row 38, :name-row 38, :row 38, :to clojure-lsp.shared}
{:arity 2, :col 5, :context {}, :end-col 18, :end-row 45, :filename "lib/src/clojure_lsp/diff.clj", :from clojure-lsp.diff, :from-var rename-diff, :macro true, :name ->>, :name-col 6, :name-end-col 9, :name-end-row 39, :name-row 39, :row 39, :to clojure.core, :varargs-min-arity 1}
{:arity 2, :col 11, :context {}, :end-col 78, :end-row 41, :filename "lib/src/clojure_lsp/diff.clj", :fixed-arities #{0 1}, :from clojure-lsp.diff, :from-var rename-diff, :name str, :name-col 12, :name-end-col 15, :name-end-row 39, :name-row 39, :row 39, :to clojure.core, :varargs-min-arity 1}
{:arity 3, :col 31, :context {}, :end-col 77, :end-row 41, :filename "lib/src/clojure_lsp/diff.clj", :from clojure-lsp.diff, :from-var rename-diff, :macro true, :name ->, :name-col 32, :name-end-col 34, :name-end-row 39, :name-row 39, :row 39, :to clojure.core, :varargs-min-arity 1}
{:alias shared, :arity 1, :col 35, :context {}, :end-col 55, :end-row 40, :filename "lib/src/clojure_lsp/diff.clj", :from clojure-lsp.diff, :from-var rename-diff, :name uri->filename, :name-col 35, :name-end-col 55, :name-end-row 40, :name-row 40, :row 40, :to clojure-lsp.shared}
{:alias shared, :arity 2, :col 35, :context {}, :end-col 76, :end-row 41, :filename "lib/src/clojure_lsp/diff.clj", :from clojure-lsp.diff, :from-var rename-diff, :name relativize-filepath, :name-col 36, :name-end-col 62, :name-end-row 41, :name-row 41, :row 41, :to clojure-lsp.shared}
{:arity 2, :col 11, :context {}, :end-col 76, :end-row 44, :filename "lib/src/clojure_lsp/diff.clj", :fixed-arities #{0 1}, :from clojure-lsp.diff, :from-var rename-diff, :name str, :name-col 12, :name-end-col 15, :name-end-row 42, :name-row 42, :row 42, :to clojure.core, :varargs-min-arity 1}
{:arity 3, :col 29, :context {}, :end-col 75, :end-row 44, :filename "lib/src/clojure_lsp/diff.clj", :from clojure-lsp.diff, :from-var rename-diff, :macro true, :name ->, :name-col 30, :name-end-col 32, :name-end-row 42, :name-row 42, :row 42, :to clojure.core, :varargs-min-arity 1}
{:alias shared, :arity 1, :col 33, :context {}, :end-col 53, :end-row 43, :filename "lib/src/clojure_lsp/diff.clj", :from clojure-lsp.diff, :from-var rename-diff, :name uri->filename, :name-col 33, :name-end-col 53, :name-end-row 43, :name-row 43, :row 43, :to clojure-lsp.shared}
{:alias shared, :arity 2, :col 33, :context {}, :end-col 74, :end-row 44, :filename "lib/src/clojure_lsp/diff.clj", :from clojure-lsp.diff, :from-var rename-diff, :name relativize-filepath, :name-col 34, :name-end-col 60, :name-end-row 44, :name-row 44, :row 44, :to clojure-lsp.shared}
{:arity 1, :col 10, :context {}, :end-col 17, :end-row 45, :filename "lib/src/clojure_lsp/diff.clj", :fixed-arities #{1}, :from clojure-lsp.diff, :from-var rename-diff, :name unlines, :name-col 10, :name-end-col 17, :name-end-row 45, :name-row 45, :private true, :row 45, :to clojure-lsp.diff}
{:arity 3, :col 1, :context {}, :end-col 77, :end-row 55, :filename "lib/src/clojure_lsp/diff.clj", :from clojure-lsp.diff, :macro true, :name defn, :name-col 2, :name-end-col 6, :name-end-row 47, :name-row 47, :row 47, :to clojure.core, :varargs-min-arity 2}
{:arity 8, :col 3, :context {}, :end-col 76, :end-row 55, :filename "lib/src/clojure_lsp/diff.clj", :from clojure-lsp.diff, :from-var colorize-diff, :macro true, :name ->, :name-col 4, :name-end-col 6, :name-end-row 48, :name-row 48, :row 48, :to clojure.core, :varargs-min-arity 1}
{:alias string, :arity 3, :col 7, :context {}, :end-col 81, :end-row 49, :filename "lib/src/clojure_lsp/diff.clj", :fixed-arities #{3}, :from clojure-lsp.diff, :from-var colorize-diff, :name replace, :name-col 8, :name-end-col 22, :name-end-row 49, :name-row 49, :row 49, :to clojure.string}
{:alias shared, :arity 2, :col 50, :context {}, :end-col 80, :end-row 49, :filename "lib/src/clojure_lsp/diff.clj", :from clojure-lsp.diff, :from-var colorize-diff, :name colorize, :name-col 51, :name-end-col 66, :name-end-row 49, :name-row 49, :row 49, :to clojure-lsp.shared}
{:alias string, :arity 3, :col 7, :context {}, :end-col 79, :end-row 50, :filename "lib/src/clojure_lsp/diff.clj", :fixed-arities #{3}, :from clojure-lsp.diff, :from-var colorize-diff, :name replace, :name-col 8, :name-end-col 22, :name-end-row 50, :name-row 50, :row 50, :to clojure.string}
{:alias shared, :arity 2, :col 48, :context {}, :end-col 78, :end-row 50, :filename "lib/src/clojure_lsp/diff.clj", :from clojure-lsp.diff, :from-var colorize-diff, :name colorize, :name-col 49, :name-end-col 64, :name-end-row 50, :name-row 50, :row 50, :to clojure-lsp.shared}
{:alias string, :arity 3, :col 7, :context {}, :end-col 78, :end-row 51, :filename "lib/src/clojure_lsp/diff.clj", :fixed-arities #{3}, :from clojure-lsp.diff, :from-var colorize-diff, :name replace, :name-col 8, :name-end-col 22, :name-end-row 51, :name-row 51, :row 51, :to clojure.string}
{:alias shared, :arity 2, :col 47, :context {}, :end-col 77, :end-row 51, :filename "lib/src/clojure_lsp/diff.clj", :from clojure-lsp.diff, :from-var colorize-diff, :name colorize, :name-col 48, :name-end-col 63, :name-end-row 51, :name-row 51, :row 51, :to clojure-lsp.shared}
{:alias string, :arity 3, :col 7, :context {}, :end-col 78, :end-row 52, :filename "lib/src/clojure_lsp/diff.clj", :fixed-arities #{3}, :from clojure-lsp.diff, :from-var colorize-diff, :name replace, :name-col 8, :name-end-col 22, :name-end-row 52, :name-row 52, :row 52, :to clojure.string}
{:alias shared, :arity 2, :col 47, :context {}, :end-col 77, :end-row 52, :filename "lib/src/clojure_lsp/diff.clj", :from clojure-lsp.diff, :from-var colorize-diff, :name colorize, :name-col 48, :name-end-col 63, :name-end-row 52, :name-row 52, :row 52, :to clojure-lsp.shared}
{:alias string, :arity 3, :col 7, :context {}, :end-col 76, :end-row 53, :filename "lib/src/clojure_lsp/diff.clj", :fixed-arities #{3}, :from clojure-lsp.diff, :from-var colorize-diff, :name replace, :name-col 8, :name-end-col 22, :name-end-row 53, :name-row 53, :row 53, :to clojure.string}
{:alias shared, :arity 2, :col 47, :context {}, :end-col 75, :end-row 53, :filename "lib/src/clojure_lsp/diff.clj", :from clojure-lsp.diff, :from-var colorize-diff, :name colorize, :name-col 48, :name-end-col 63, :name-end-row 53, :name-row 53, :row 53, :to clojure-lsp.shared}
{:alias string, :arity 3, :col 7, :context {}, :end-col 77, :end-row 54, :filename "lib/src/clojure_lsp/diff.clj", :fixed-arities #{3}, :from clojure-lsp.diff, :from-var colorize-diff, :name replace, :name-col 8, :name-end-col 22, :name-end-row 54, :name-row 54, :row 54, :to clojure.string}
{:alias shared, :arity 2, :col 47, :context {}, :end-col 76, :end-row 54, :filename "lib/src/clojure_lsp/diff.clj", :from clojure-lsp.diff, :from-var colorize-diff, :name colorize, :name-col 48, :name-end-col 63, :name-end-row 54, :name-row 54, :row 54, :to clojure-lsp.shared}
{:alias string, :arity 3, :col 7, :context {}, :end-col 75, :end-row 55, :filename "lib/src/clojure_lsp/diff.clj", :fixed-arities #{3}, :from clojure-lsp.diff, :from-var colorize-diff, :name replace, :name-col 8, :name-end-col 22, :name-end-row 55, :name-row 55, :row 55, :to clojure.string}
{:alias shared, :arity 2, :col 47, :context {}, :end-col 74, :end-row 55, :filename "lib/src/clojure_lsp/diff.clj", :from clojure-lsp.diff, :from-var colorize-diff, :name colorize, :name-col 48, :name-end-col 63, :name-end-row 55, :name-row 55, :row 55, :to clojure-lsp.shared}
{:arity 2, :col 1, :context {}, :end-col 33, :end-row 7, :filename "lib/src/clojure_lsp/http.clj", :fixed-arities #{2}, :from clojure-lsp.http, :macro true, :name set!, :name-col 2, :name-end-col 6, :name-end-row 7, :name-row 7, :row 7, :to clojure.core}
{:col 7, :context {}, :end-col 27, :end-row 7, :filename "lib/src/clojure_lsp/http.clj", :from clojure-lsp.http, :name *warn-on-reflection*, :name-col 7, :name-end-col 27, :name-end-row 7, :name-row 7, :row 7, :to clojure.core}
{:arity 2, :col 1, :context {}, :end-col 48, :end-row 9, :filename "lib/src/clojure_lsp/http.clj", :fixed-arities #{1 2 3}, :from clojure-lsp.http, :macro true, :name def, :name-col 2, :name-end-col 5, :name-end-row 9, :name-row 9, :row 9, :to clojure.core}
{:arity 2, :col 1, :context {}, :end-col 46, :end-row 10, :filename "lib/src/clojure_lsp/http.clj", :fixed-arities #{1 2 3}, :from clojure-lsp.http, :macro true, :name def, :name-col 2, :name-end-col 5, :name-end-row 10, :name-row 10, :row 10, :to clojure.core}
{:arity 3, :col 1, :context {}, :end-col 34, :end-row 25, :filename "lib/src/clojure_lsp/http.clj", :from clojure-lsp.http, :macro true, :name defn, :name-col 2, :name-end-col 6, :name-end-row 12, :name-row 12, :row 12, :to clojure.core, :varargs-min-arity 2}
{:arity 3, :col 3, :context {}, :end-col 33, :end-row 25, :filename "lib/src/clojure_lsp/http.clj", :fixed-arities #{2 3}, :from clojure-lsp.http, :from-var test-remote-url!, :macro true, :name if-not, :name-col 4, :name-end-col 10, :name-end-row 13, :name-row 13, :row 13, :to clojure.core}
{:arity 3, :col 11, :context {}, :end-col 35, :end-row 13, :filename "lib/src/clojure_lsp/http.clj", :from clojure-lsp.http, :from-var test-remote-url!, :name ., :row 13, :to clojure.core}
{:arity 4, :col 5, :context {}, :end-col 32, :end-row 25, :filename "lib/src/clojure_lsp/http.clj", :from clojure-lsp.http, :from-var test-remote-url!, :macro true, :name let, :name-col 6, :name-end-col 9, :name-end-row 15, :name-row 15, :row 15, :to clojure.core, :varargs-min-arity 1}
{:arity 2, :col 36, :context {}, :end-col 57, :end-row 16, :filename "lib/src/clojure_lsp/http.clj", :from clojure-lsp.http, :from-var test-remote-url!, :name ., :row 16, :to clojure.core}
{:arity 3, :col 7, :context {}, :end-col 59, :end-row 17, :filename "lib/src/clojure_lsp/http.clj", :from clojure-lsp.http, :from-var test-remote-url!, :name ., :row 17, :to clojure.core}
{:col 32, :context {}, :end-col 58, :end-row 17, :filename "lib/src/clojure_lsp/http.clj", :from clojure-lsp.http, :from-var test-remote-url!, :name default-connect-timeout-ms, :name-col 32, :name-end-col 58, :name-end-row 17, :name-row 17, :private true, :row 17, :to clojure-lsp.http}
{:arity 3, :col 7, :context {}, :end-col 53, :end-row 18, :filename "lib/src/clojure_lsp/http.clj", :from clojure-lsp.http, :from-var test-remote-url!, :name ., :row 18, :to clojure.core}
{:col 29, :context {}, :end-col 52, :end-row 18, :filename "lib/src/clojure_lsp/http.clj", :from clojure-lsp.http, :from-var test-remote-url!, :name default-read-timeout-ms, :name-col 29, :name-end-col 52, :name-end-row 18, :name-row 18, :private true, :row 18, :to clojure-lsp.http}
{:arity 4, :col 7, :context {}, :end-col 31, :end-row 25, :filename "lib/src/clojure_lsp/http.clj", :from clojure-lsp.http, :from-var test-remote-url!, :name try, :name-col 8, :name-end-col 11, :name-end-row 19, :name-row 19, :row 19, :to clojure.core}
{:arity 2, :col 9, :context {}, :end-col 24, :end-row 20, :filename "lib/src/clojure_lsp/http.clj", :from clojure-lsp.http, :from-var test-remote-url!, :name ., :row 20, :to clojure.core}
{:arity 2, :col 11, :context {}, :end-col 29, :end-row 25, :filename "lib/src/clojure_lsp/http.clj", :from clojure-lsp.http, :from-var test-remote-url!, :name ., :row 25, :to clojure.core}
{:arity 3, :col 1, :context {}, :end-col 21, :end-row 37, :filename "lib/src/clojure_lsp/http.clj", :from clojure-lsp.http, :macro true, :name defn, :name-col 2, :name-end-col 6, :name-end-row 27, :name-row 27, :row 27, :to clojure.core, :varargs-min-arity 2}
{:arity 2, :col 3, :context {}, :end-col 20, :end-row 37, :filename "lib/src/clojure_lsp/http.clj", :from clojure-lsp.http, :from-var request!, :name try, :name-col 4, :name-end-col 7, :name-end-row 28, :name-row 28, :row 28, :to clojure.core}
{:arity 4, :col 5, :context {}, :end-col 46, :end-row 35, :filename "lib/src/clojure_lsp/http.clj", :from clojure-lsp.http, :from-var request!, :macro true, :name let, :name-col 6, :name-end-col 9, :name-end-row 29, :name-row 29, :row 29, :to clojure.core, :varargs-min-arity 1}
{:arity 2, :col 36, :context {}, :end-col 57, :end-row 30, :filename "lib/src/clojure_lsp/http.clj", :from clojure-lsp.http, :from-var request!, :name ., :row 30, :to clojure.core}
{:arity 3, :col 7, :context {}, :end-col 59, :end-row 31, :filename "lib/src/clojure_lsp/http.clj", :from clojure-lsp.http, :from-var request!, :name ., :row 31, :to clojure.core}
{:col 32, :context {}, :end-col 58, :end-row 31, :filename "lib/src/clojure_lsp/http.clj", :from clojure-lsp.http, :from-var request!, :name default-connect-timeout-ms, :name-col 32, :name-end-col 58, :name-end-row 31, :name-row 31, :private true, :row 31, :to clojure-lsp.http}
{:arity 3, :col 7, :context {}, :end-col 53, :end-row 32, :filename "lib/src/clojure_lsp/http.clj", :from clojure-lsp.http, :from-var request!, :name ., :row 32, :to clojure.core}
{:col 29, :context {}, :end-col 52, :end-row 32, :filename "lib/src/clojure_lsp/http.clj", :from clojure-lsp.http, :from-var request!, :name default-read-timeout-ms, :name-col 29, :name-end-col 52, :name-end-row 32, :name-row 32, :private true, :row 32, :to clojure-lsp.http}
{:arity 2, :col 16, :context {}, :end-col 39, :end-row 33, :filename "lib/src/clojure_lsp/http.clj", :from clojure-lsp.http, :from-var request!, :name ., :row 33, :to clojure.core}
{:arity 2, :col 14, :context {}, :end-col 36, :end-row 34, :filename "lib/src/clojure_lsp/http.clj", :from clojure-lsp.http, :from-var request!, :name ., :row 34, :to clojure.core}
{:arity 2, :col 22, :context {}, :end-col 44, :end-row 35, :filename "lib/src/clojure_lsp/http.clj", :from clojure-lsp.http, :from-var request!, :name ., :row 35, :to clojure.core}
{:arity 8, :col 1, :context {}, :end-col 81, :end-row 12, :filename "lib/src/clojure_lsp/logger.clj", :from clojure-lsp.logger, :macro true, :name defprotocol, :name-col 2, :name-end-col 13, :name-end-row 3, :name-row 3, :row 3, :to clojure.core, :varargs-min-arity 1}
{:col 11, :context {}, :end-col 15, :end-row 4, :filename "lib/src/clojure_lsp/logger.clj", :from clojure-lsp.logger, :name this, :name-col 11, :name-end-col 15, :name-end-row 4, :name-row 4, :row 4, :to :clj-kondo/unknown-namespace}
{:col 18, :context {}, :end-col 23, :end-row 6, :filename "lib/src/clojure_lsp/logger.clj", :from clojure-lsp.logger, :name _this, :name-col 18, :name-end-col 23, :name-end-row 6, :name-row 6, :row 6, :to :clj-kondo/unknown-namespace}
{:col 24, :context {}, :end-col 32, :end-row 6, :filename "lib/src/clojure_lsp/logger.clj", :from clojure-lsp.logger, :name log-path, :name-col 24, :name-end-col 32, :name-end-row 6, :name-row 6, :row 6, :to :clj-kondo/unknown-namespace}
{:col 20, :context {}, :end-col 25, :end-row 7, :filename "lib/src/clojure_lsp/logger.clj", :from clojure-lsp.logger, :name _this, :name-col 20, :name-end-col 25, :name-end-row 7, :name-row 7, :row 7, :to :clj-kondo/unknown-namespace}
{:col 26, :context {}, :end-col 37, :end-row 7, :filename "lib/src/clojure_lsp/logger.clj", :from clojure-lsp.logger, :name otlp-config, :name-col 26, :name-end-col 37, :name-end-row 7, :name-row 7, :row 7, :to :clj-kondo/unknown-namespace}
{:col 11, :context {}, :end-col 15, :end-row 9, :filename "lib/src/clojure_lsp/logger.clj", :from clojure-lsp.logger, :name this, :name-col 11, :name-end-col 15, :name-end-row 9, :name-row 9, :row 9, :to :clj-kondo/unknown-namespace}
{:col 16, :context {}, :end-col 21, :end-row 9, :filename "lib/src/clojure_lsp/logger.clj", :from clojure-lsp.logger, :name fmeta, :name-col 16, :name-end-col 21, :name-end-row 9, :name-row 9, :row 9, :to :clj-kondo/unknown-namespace}
{:col 22, :context {}, :end-col 26, :end-row 9, :filename "lib/src/clojure_lsp/logger.clj", :from clojure-lsp.logger, :name arg1, :name-col 22, :name-end-col 26, :name-end-row 9, :name-row 9, :row 9, :to :clj-kondo/unknown-namespace}
{:col 29, :context {}, :end-col 33, :end-row 9, :filename "lib/src/clojure_lsp/logger.clj", :from clojure-lsp.logger, :name this, :name-col 29, :name-end-col 33, :name-end-row 9, :name-row 9, :row 9, :to :clj-kondo/unknown-namespace}
{:col 34, :context {}, :end-col 39, :end-row 9, :filename "lib/src/clojure_lsp/logger.clj", :from clojure-lsp.logger, :name fmeta, :name-col 34, :name-end-col 39, :name-end-row 9, :name-row 9, :row 9, :to :clj-kondo/unknown-namespace}
{:col 40, :context {}, :end-col 44, :end-row 9, :filename "lib/src/clojure_lsp/logger.clj", :from clojure-lsp.logger, :name arg1, :name-col 40, :name-end-col 44, :name-end-row 9, :name-row 9, :row 9, :to :clj-kondo/unknown-namespace}
{:col 45, :context {}, :end-col 49, :end-row 9, :filename "lib/src/clojure_lsp/logger.clj", :from clojure-lsp.logger, :name arg2, :name-col 45, :name-end-col 49, :name-end-row 9, :name-row 9, :row 9, :to :clj-kondo/unknown-namespace}
{:col 52, :context {}, :end-col 56, :end-row 9, :filename "lib/src/clojure_lsp/logger.clj", :from clojure-lsp.logger, :name this, :name-col 52, :name-end-col 56, :name-end-row 9, :name-row 9, :row 9, :to :clj-kondo/unknown-namespace}
{:col 57, :context {}, :end-col 62, :end-row 9, :filename "lib/src/clojure_lsp/logger.clj", :from clojure-lsp.logger, :name fmeta, :name-col 57, :name-end-col 62, :name-end-row 9, :name-row 9, :row 9, :to :clj-kondo/unknown-namespace}
{:col 63, :context {}, :end-col 67, :end-row 9, :filename "lib/src/clojure_lsp/logger.clj", :from clojure-lsp.logger, :name arg1, :name-col 63, :name-end-col 67, :name-end-row 9, :name-row 9, :row 9, :to :clj-kondo/unknown-namespace}
{:col 68, :context {}, :end-col 72, :end-row 9, :filename "lib/src/clojure_lsp/logger.clj", :from clojure-lsp.logger, :name arg2, :name-col 68, :name-end-col 72, :name-end-row 9, :name-row 9, :row 9, :to :clj-kondo/unknown-namespace}
{:col 73, :context {}, :end-col 77, :end-row 9, :filename "lib/src/clojure_lsp/logger.clj", :from clojure-lsp.logger, :name arg3, :name-col 73, :name-end-col 77, :name-end-row 9, :name-row 9, :row 9, :to :clj-kondo/unknown-namespace}
{:col 11, :context {}, :end-col 15, :end-row 10, :filename "lib/src/clojure_lsp/logger.clj", :from clojure-lsp.logger, :name this, :name-col 11, :name-end-col 15, :name-end-row 10, :name-row 10, :row 10, :to :clj-kondo/unknown-namespace}
{:col 16, :context {}, :end-col 21, :end-row 10, :filename "lib/src/clojure_lsp/logger.clj", :from clojure-lsp.logger, :name fmeta, :name-col 16, :name-end-col 21, :name-end-row 10, :name-row 10, :row 10, :to :clj-kondo/unknown-namespace}
{:col 22, :context {}, :end-col 26, :end-row 10, :filename "lib/src/clojure_lsp/logger.clj", :from clojure-lsp.logger, :name arg1, :name-col 22, :name-end-col 26, :name-end-row 10, :name-row 10, :row 10, :to :clj-kondo/unknown-namespace}
{:col 29, :context {}, :end-col 33, :end-row 10, :filename "lib/src/clojure_lsp/logger.clj", :from clojure-lsp.logger, :name this, :name-col 29, :name-end-col 33, :name-end-row 10, :name-row 10, :row 10, :to :clj-kondo/unknown-namespace}
{:col 34, :context {}, :end-col 39, :end-row 10, :filename "lib/src/clojure_lsp/logger.clj", :from clojure-lsp.logger, :name fmeta, :name-col 34, :name-end-col 39, :name-end-row 10, :name-row 10, :row 10, :to :clj-kondo/unknown-namespace}
{:col 40, :context {}, :end-col 44, :end-row 10, :filename "lib/src/clojure_lsp/logger.clj", :from clojure-lsp.logger, :name arg1, :name-col 40, :name-end-col 44, :name-end-row 10, :name-row 10, :row 10, :to :clj-kondo/unknown-namespace}
{:col 45, :context {}, :end-col 49, :end-row 10, :filename "lib/src/clojure_lsp/logger.clj", :from clojure-lsp.logger, :name arg2, :name-col 45, :name-end-col 49, :name-end-row 10, :name-row 10, :row 10, :to :clj-kondo/unknown-namespace}
{:col 52, :context {}, :end-col 56, :end-row 10, :filename "lib/src/clojure_lsp/logger.clj", :from clojure-lsp.logger, :name this, :name-col 52, :name-end-col 56, :name-end-row 10, :name-row 10, :row 10, :to :clj-kondo/unknown-namespace}
{:col 57, :context {}, :end-col 62, :end-row 10, :filename "lib/src/clojure_lsp/logger.clj", :from clojure-lsp.logger, :name fmeta, :name-col 57, :name-end-col 62, :name-end-row 10, :name-row 10, :row 10, :to :clj-kondo/unknown-namespace}
{:col 63, :context {}, :end-col 67, :end-row 10, :filename "lib/src/clojure_lsp/logger.clj", :from clojure-lsp.logger, :name arg1, :name-col 63, :name-end-col 67, :name-end-row 10, :name-row 10, :row 10, :to :clj-kondo/unknown-namespace}
{:col 68, :context {}, :end-col 72, :end-row 10, :filename "lib/src/clojure_lsp/logger.clj", :from clojure-lsp.logger, :name arg2, :name-col 68, :name-end-col 72, :name-end-row 10, :name-row 10, :row 10, :to :clj-kondo/unknown-namespace}
{:col 73, :context {}, :end-col 77, :end-row 10, :filename "lib/src/clojure_lsp/logger.clj", :from clojure-lsp.logger, :name arg3, :name-col 73, :name-end-col 77, :name-end-row 10, :name-row 10, :row 10, :to :clj-kondo/unknown-namespace}
{:col 12, :context {}, :end-col 16, :end-row 11, :filename "lib/src/clojure_lsp/logger.clj", :from clojure-lsp.logger, :name this, :name-col 12, :name-end-col 16, :name-end-row 11, :name-row 11, :row 11, :to :clj-kondo/unknown-namespace}
{:col 17, :context {}, :end-col 22, :end-row 11, :filename "lib/src/clojure_lsp/logger.clj", :from clojure-lsp.logger, :name fmeta, :name-col 17, :name-end-col 22, :name-end-row 11, :name-row 11, :row 11, :to :clj-kondo/unknown-namespace}
{:col 23, :context {}, :end-col 27, :end-row 11, :filename "lib/src/clojure_lsp/logger.clj", :from clojure-lsp.logger, :name arg1, :name-col 23, :name-end-col 27, :name-end-row 11, :name-row 11, :row 11, :to :clj-kondo/unknown-namespace}
{:col 30, :context {}, :end-col 34, :end-row 11, :filename "lib/src/clojure_lsp/logger.clj", :from clojure-lsp.logger, :name this, :name-col 30, :name-end-col 34, :name-end-row 11, :name-row 11, :row 11, :to :clj-kondo/unknown-namespace}
{:col 35, :context {}, :end-col 40, :end-row 11, :filename "lib/src/clojure_lsp/logger.clj", :from clojure-lsp.logger, :name fmeta, :name-col 35, :name-end-col 40, :name-end-row 11, :name-row 11, :row 11, :to :clj-kondo/unknown-namespace}
{:col 41, :context {}, :end-col 45, :end-row 11, :filename "lib/src/clojure_lsp/logger.clj", :from clojure-lsp.logger, :name arg1, :name-col 41, :name-end-col 45, :name-end-row 11, :name-row 11, :row 11, :to :clj-kondo/unknown-namespace}
{:col 46, :context {}, :end-col 50, :end-row 11, :filename "lib/src/clojure_lsp/logger.clj", :from clojure-lsp.logger, :name arg2, :name-col 46, :name-end-col 50, :name-end-row 11, :name-row 11, :row 11, :to :clj-kondo/unknown-namespace}
{:col 53, :context {}, :end-col 57, :end-row 11, :filename "lib/src/clojure_lsp/logger.clj", :from clojure-lsp.logger, :name this, :name-col 53, :name-end-col 57, :name-end-row 11, :name-row 11, :row 11, :to :clj-kondo/unknown-namespace}
{:col 58, :context {}, :end-col 63, :end-row 11, :filename "lib/src/clojure_lsp/logger.clj", :from clojure-lsp.logger, :name fmeta, :name-col 58, :name-end-col 63, :name-end-row 11, :name-row 11, :row 11, :to :clj-kondo/unknown-namespace}
{:col 64, :context {}, :end-col 68, :end-row 11, :filename "lib/src/clojure_lsp/logger.clj", :from clojure-lsp.logger, :name arg1, :name-col 64, :name-end-col 68, :name-end-row 11, :name-row 11, :row 11, :to :clj-kondo/unknown-namespace}
{:col 69, :context {}, :end-col 73, :end-row 11, :filename "lib/src/clojure_lsp/logger.clj", :from clojure-lsp.logger, :name arg2, :name-col 69, :name-end-col 73, :name-end-row 11, :name-row 11, :row 11, :to :clj-kondo/unknown-namespace}
{:col 74, :context {}, :end-col 78, :end-row 11, :filename "lib/src/clojure_lsp/logger.clj", :from clojure-lsp.logger, :name arg3, :name-col 74, :name-end-col 78, :name-end-row 11, :name-row 11, :row 11, :to :clj-kondo/unknown-namespace}
{:col 12, :context {}, :end-col 16, :end-row 12, :filename "lib/src/clojure_lsp/logger.clj", :from clojure-lsp.logger, :name this, :name-col 12, :name-end-col 16, :name-end-row 12, :name-row 12, :row 12, :to :clj-kondo/unknown-namespace}
{:col 17, :context {}, :end-col 22, :end-row 12, :filename "lib/src/clojure_lsp/logger.clj", :from clojure-lsp.logger, :name fmeta, :name-col 17, :name-end-col 22, :name-end-row 12, :name-row 12, :row 12, :to :clj-kondo/unknown-namespace}
{:col 23, :context {}, :end-col 27, :end-row 12, :filename "lib/src/clojure_lsp/logger.clj", :from clojure-lsp.logger, :name arg1, :name-col 23, :name-end-col 27, :name-end-row 12, :name-row 12, :row 12, :to :clj-kondo/unknown-namespace}
{:col 30, :context {}, :end-col 34, :end-row 12, :filename "lib/src/clojure_lsp/logger.clj", :from clojure-lsp.logger, :name this, :name-col 30, :name-end-col 34, :name-end-row 12, :name-row 12, :row 12, :to :clj-kondo/unknown-namespace}
{:col 35, :context {}, :end-col 40, :end-row 12, :filename "lib/src/clojure_lsp/logger.clj", :from clojure-lsp.logger, :name fmeta, :name-col 35, :name-end-col 40, :name-end-row 12, :name-row 12, :row 12, :to :clj-kondo/unknown-namespace}
{:col 41, :context {}, :end-col 45, :end-row 12, :filename "lib/src/clojure_lsp/logger.clj", :from clojure-lsp.logger, :name arg1, :name-col 41, :name-end-col 45, :name-end-row 12, :name-row 12, :row 12, :to :clj-kondo/unknown-namespace}
{:col 46, :context {}, :end-col 50, :end-row 12, :filename "lib/src/clojure_lsp/logger.clj", :from clojure-lsp.logger, :name arg2, :name-col 46, :name-end-col 50, :name-end-row 12, :name-row 12, :row 12, :to :clj-kondo/unknown-namespace}
{:col 53, :context {}, :end-col 57, :end-row 12, :filename "lib/src/clojure_lsp/logger.clj", :from clojure-lsp.logger, :name this, :name-col 53, :name-end-col 57, :name-end-row 12, :name-row 12, :row 12, :to :clj-kondo/unknown-namespace}
{:col 58, :context {}, :end-col 63, :end-row 12, :filename "lib/src/clojure_lsp/logger.clj", :from clojure-lsp.logger, :name fmeta, :name-col 58, :name-end-col 63, :name-end-row 12, :name-row 12, :row 12, :to :clj-kondo/unknown-namespace}
{:col 64, :context {}, :end-col 68, :end-row 12, :filename "lib/src/clojure_lsp/logger.clj", :from clojure-lsp.logger, :name arg1, :name-col 64, :name-end-col 68, :name-end-row 12, :name-row 12, :row 12, :to :clj-kondo/unknown-namespace}
{:col 69, :context {}, :end-col 73, :end-row 12, :filename "lib/src/clojure_lsp/logger.clj", :from clojure-lsp.logger, :name arg2, :name-col 69, :name-end-col 73, :name-end-row 12, :name-row 12, :row 12, :to :clj-kondo/unknown-namespace}
{:col 74, :context {}, :end-col 78, :end-row 12, :filename "lib/src/clojure_lsp/logger.clj", :from clojure-lsp.logger, :name arg3, :name-col 74, :name-end-col 78, :name-end-row 12, :name-row 12, :row 12, :to :clj-kondo/unknown-namespace}
{:arity 3, :col 1, :context {}, :end-col 7, :end-row 16, :filename "lib/src/clojure_lsp/logger.clj", :fixed-arities #{1 2 3}, :from clojure-lsp.logger, :macro true, :name def, :name-col 2, :name-end-col 5, :name-end-row 14, :name-row 14, :row 14, :to clojure.core}
{:arity 3, :col 1, :context {}, :end-col 51, :end-row 19, :filename "lib/src/clojure_lsp/logger.clj", :from clojure-lsp.logger, :macro true, :name defn, :name-col 2, :name-end-col 6, :name-end-row 18, :name-row 18, :row 18, :to clojure.core, :varargs-min-arity 2}
{:arity 2, :col 3, :context {}, :end-col 50, :end-row 19, :filename "lib/src/clojure_lsp/logger.clj", :from clojure-lsp.logger, :from-var set-logger!, :name alter-var-root, :name-col 4, :name-end-col 18, :name-end-row 19, :name-row 19, :row 19, :to clojure.core, :varargs-min-arity 2}
{:col 21, :context {}, :end-col 29, :end-row 19, :filename "lib/src/clojure_lsp/logger.clj", :from clojure-lsp.logger, :from-var set-logger!, :name *logger*, :name-col 21, :name-end-col 29, :name-end-row 19, :name-row 19, :row 19, :to clojure-lsp.logger}
{:arity 1, :col 30, :context {}, :end-col 49, :end-row 19, :filename "lib/src/clojure_lsp/logger.clj", :fixed-arities #{1}, :from clojure-lsp.logger, :from-var set-logger!, :name constantly, :name-col 31, :name-end-col 41, :name-end-row 19, :name-row 19, :row 19, :to clojure.core}
{:arity 3, :col 1, :context {}, :end-col 41, :end-row 26, :filename "lib/src/clojure_lsp/logger.clj", :from clojure-lsp.logger, :macro true, :name defmacro, :name-col 2, :name-end-col 10, :name-end-row 21, :name-row 21, :row 21, :to clojure.core, :varargs-min-arity 2}
{:arity 2, :col 3, :context {}, :end-col 40, :end-row 26, :filename "lib/src/clojure_lsp/logger.clj", :from clojure-lsp.logger, :from-var info, :macro true, :name let, :name-col 4, :name-end-col 7, :name-end-row 22, :name-row 22, :row 22, :to clojure.core, :varargs-min-arity 1}
{:arity 5, :col 15, :context {}, :end-col 41, :end-row 24, :filename "lib/src/clojure_lsp/logger.clj", :fixed-arities #{3}, :from clojure-lsp.logger, :from-var info, :name assoc, :name-col 16, :name-end-col 21, :name-end-row 22, :name-row 22, :row 22, :to clojure.core, :varargs-min-arity 3}
{:arity 1, :col 22, :context {}, :end-col 34, :end-row 22, :filename "lib/src/clojure_lsp/logger.clj", :fixed-arities #{1}, :from clojure-lsp.logger, :from-var info, :name meta, :name-col 23, :name-end-col 27, :name-end-row 22, :name-row 22, :row 22, :to clojure.core}
{:col 28, :context {}, :end-col 34, :end-row 23, :filename "lib/src/clojure_lsp/logger.clj", :from clojure-lsp.logger, :from-var info, :name *file*, :name-col 28, :name-end-col 34, :name-end-row 23, :name-row 23, :row 23, :to clojure.core}
{:arity 1, :col 30, :context {}, :end-col 40, :end-row 24, :filename "lib/src/clojure_lsp/logger.clj", :fixed-arities #{0 1}, :from clojure-lsp.logger, :from-var info, :name str, :name-col 31, :name-end-col 34, :name-end-row 24, :name-row 24, :row 24, :to clojure.core, :varargs-min-arity 1}
{:col 35, :context {}, :end-col 39, :end-row 24, :filename "lib/src/clojure_lsp/logger.clj", :from clojure-lsp.logger, :from-var info, :name *ns*, :name-col 35, :name-end-col 39, :name-end-row 24, :name-row 24, :row 24, :to clojure.core}
{:col 7, :context {}, :end-col 11, :end-row 25, :filename "lib/src/clojure_lsp/logger.clj", :from clojure-lsp.logger, :from-var info, :macro true, :name when, :name-col 7, :name-end-col 11, :name-end-row 25, :name-row 25, :row 25, :to clojure.core, :varargs-min-arity 1}
{:col 12, :context {}, :end-col 20, :end-row 25, :filename "lib/src/clojure_lsp/logger.clj", :from clojure-lsp.logger, :from-var info, :name *logger*, :name-col 12, :name-end-col 20, :name-end-row 25, :name-row 25, :row 25, :to clojure-lsp.logger}
{:col 9, :context {}, :end-col 14, :end-row 26, :filename "lib/src/clojure_lsp/logger.clj", :fixed-arities #{3 4 5}, :from clojure-lsp.logger, :from-var info, :name -info, :name-col 9, :name-end-col 14, :name-end-row 26, :name-row 26, :row 26, :to clojure-lsp.logger}
{:col 15, :context {}, :end-col 23, :end-row 26, :filename "lib/src/clojure_lsp/logger.clj", :from clojure-lsp.logger, :from-var info, :name *logger*, :name-col 15, :name-end-col 23, :name-end-row 26, :name-row 26, :row 26, :to clojure-lsp.logger}
{:arity 3, :col 1, :context {}, :end-col 41, :end-row 33, :filename "lib/src/clojure_lsp/logger.clj", :from clojure-lsp.logger, :macro true, :name defmacro, :name-col 2, :name-end-col 10, :name-end-row 28, :name-row 28, :row 28, :to clojure.core, :varargs-min-arity 2}
{:arity 2, :col 3, :context {}, :end-col 40, :end-row 33, :filename "lib/src/clojure_lsp/logger.clj", :from clojure-lsp.logger, :from-var warn, :macro true, :name let, :name-col 4, :name-end-col 7, :name-end-row 29, :name-row 29, :row 29, :to clojure.core, :varargs-min-arity 1}
{:arity 5, :col 15, :context {}, :end-col 41, :end-row 31, :filename "lib/src/clojure_lsp/logger.clj", :fixed-arities #{3}, :from clojure-lsp.logger, :from-var warn, :name assoc, :name-col 16, :name-end-col 21, :name-end-row 29, :name-row 29, :row 29, :to clojure.core, :varargs-min-arity 3}
{:arity 1, :col 22, :context {}, :end-col 34, :end-row 29, :filename "lib/src/clojure_lsp/logger.clj", :fixed-arities #{1}, :from clojure-lsp.logger, :from-var warn, :name meta, :name-col 23, :name-end-col 27, :name-end-row 29, :name-row 29, :row 29, :to clojure.core}
{:col 28, :context {}, :end-col 34, :end-row 30, :filename "lib/src/clojure_lsp/logger.clj", :from clojure-lsp.logger, :from-var warn, :name *file*, :name-col 28, :name-end-col 34, :name-end-row 30, :name-row 30, :row 30, :to clojure.core}
{:arity 1, :col 30, :context {}, :end-col 40, :end-row 31, :filename "lib/src/clojure_lsp/logger.clj", :fixed-arities #{0 1}, :from clojure-lsp.logger, :from-var warn, :name str, :name-col 31, :name-end-col 34, :name-end-row 31, :name-row 31, :row 31, :to clojure.core, :varargs-min-arity 1}
{:col 35, :context {}, :end-col 39, :end-row 31, :filename "lib/src/clojure_lsp/logger.clj", :from clojure-lsp.logger, :from-var warn, :name *ns*, :name-col 35, :name-end-col 39, :name-end-row 31, :name-row 31, :row 31, :to clojure.core}
{:col 7, :context {}, :end-col 11, :end-row 32, :filename "lib/src/clojure_lsp/logger.clj", :from clojure-lsp.logger, :from-var warn, :macro true, :name when, :name-col 7, :name-end-col 11, :name-end-row 32, :name-row 32, :row 32, :to clojure.core, :varargs-min-arity 1}
{:col 12, :context {}, :end-col 20, :end-row 32, :filename "lib/src/clojure_lsp/logger.clj", :from clojure-lsp.logger, :from-var warn, :name *logger*, :name-col 12, :name-end-col 20, :name-end-row 32, :name-row 32, :row 32, :to clojure-lsp.logger}
{:col 9, :context {}, :end-col 14, :end-row 33, :filename "lib/src/clojure_lsp/logger.clj", :fixed-arities #{3 4 5}, :from clojure-lsp.logger, :from-var warn, :name -warn, :name-col 9, :name-end-col 14, :name-end-row 33, :name-row 33, :row 33, :to clojure-lsp.logger}
{:col 15, :context {}, :end-col 23, :end-row 33, :filename "lib/src/clojure_lsp/logger.clj", :from clojure-lsp.logger, :from-var warn, :name *logger*, :name-col 15, :name-end-col 23, :name-end-row 33, :name-row 33, :row 33, :to clojure-lsp.logger}
{:arity 3, :col 1, :context {}, :end-col 42, :end-row 40, :filename "lib/src/clojure_lsp/logger.clj", :from clojure-lsp.logger, :macro true, :name defmacro, :name-col 2, :name-end-col 10, :name-end-row 35, :name-row 35, :row 35, :to clojure.core, :varargs-min-arity 2}
{:arity 2, :col 3, :context {}, :end-col 41, :end-row 40, :filename "lib/src/clojure_lsp/logger.clj", :from clojure-lsp.logger, :from-var error, :macro true, :name let, :name-col 4, :name-end-col 7, :name-end-row 36, :name-row 36, :row 36, :to clojure.core, :varargs-min-arity 1}
{:arity 5, :col 15, :context {}, :end-col 41, :end-row 38, :filename "lib/src/clojure_lsp/logger.clj", :fixed-arities #{3}, :from clojure-lsp.logger, :from-var error, :name assoc, :name-col 16, :name-end-col 21, :name-end-row 36, :name-row 36, :row 36, :to clojure.core, :varargs-min-arity 3}
{:arity 1, :col 22, :context {}, :end-col 34, :end-row 36, :filename "lib/src/clojure_lsp/logger.clj", :fixed-arities #{1}, :from clojure-lsp.logger, :from-var error, :name meta, :name-col 23, :name-end-col 27, :name-end-row 36, :name-row 36, :row 36, :to clojure.core}
{:col 28, :context {}, :end-col 34, :end-row 37, :filename "lib/src/clojure_lsp/logger.clj", :from clojure-lsp.logger, :from-var error, :name *file*, :name-col 28, :name-end-col 34, :name-end-row 37, :name-row 37, :row 37, :to clojure.core}
{:arity 1, :col 30, :context {}, :end-col 40, :end-row 38, :filename "lib/src/clojure_lsp/logger.clj", :fixed-arities #{0 1}, :from clojure-lsp.logger, :from-var error, :name str, :name-col 31, :name-end-col 34, :name-end-row 38, :name-row 38, :row 38, :to clojure.core, :varargs-min-arity 1}
{:col 35, :context {}, :end-col 39, :end-row 38, :filename "lib/src/clojure_lsp/logger.clj", :from clojure-lsp.logger, :from-var error, :name *ns*, :name-col 35, :name-end-col 39, :name-end-row 38, :name-row 38, :row 38, :to clojure.core}
{:col 7, :context {}, :end-col 11, :end-row 39, :filename "lib/src/clojure_lsp/logger.clj", :from clojure-lsp.logger, :from-var error, :macro true, :name when, :name-col 7, :name-end-col 11, :name-end-row 39, :name-row 39, :row 39, :to clojure.core, :varargs-min-arity 1}
{:col 12, :context {}, :end-col 20, :end-row 39, :filename "lib/src/clojure_lsp/logger.clj", :from clojure-lsp.logger, :from-var error, :name *logger*, :name-col 12, :name-end-col 20, :name-end-row 39, :name-row 39, :row 39, :to clojure-lsp.logger}
{:col 9, :context {}, :end-col 15, :end-row 40, :filename "lib/src/clojure_lsp/logger.clj", :fixed-arities #{3 4 5}, :from clojure-lsp.logger, :from-var error, :name -error, :name-col 9, :name-end-col 15, :name-end-row 40, :name-row 40, :row 40, :to clojure-lsp.logger}
{:col 16, :context {}, :end-col 24, :end-row 40, :filename "lib/src/clojure_lsp/logger.clj", :from clojure-lsp.logger, :from-var error, :name *logger*, :name-col 16, :name-end-col 24, :name-end-row 40, :name-row 40, :row 40, :to clojure-lsp.logger}
{:arity 3, :col 1, :context {}, :end-col 42, :end-row 47, :filename "lib/src/clojure_lsp/logger.clj", :from clojure-lsp.logger, :macro true, :name defmacro, :name-col 2, :name-end-col 10, :name-end-row 42, :name-row 42, :row 42, :to clojure.core, :varargs-min-arity 2}
{:arity 2, :col 3, :context {}, :end-col 41, :end-row 47, :filename "lib/src/clojure_lsp/logger.clj", :from clojure-lsp.logger, :from-var debug, :macro true, :name let, :name-col 4, :name-end-col 7, :name-end-row 43, :name-row 43, :row 43, :to clojure.core, :varargs-min-arity 1}
{:arity 5, :col 15, :context {}, :end-col 41, :end-row 45, :filename "lib/src/clojure_lsp/logger.clj", :fixed-arities #{3}, :from clojure-lsp.logger, :from-var debug, :name assoc, :name-col 16, :name-end-col 21, :name-end-row 43, :name-row 43, :row 43, :to clojure.core, :varargs-min-arity 3}
{:arity 1, :col 22, :context {}, :end-col 34, :end-row 43, :filename "lib/src/clojure_lsp/logger.clj", :fixed-arities #{1}, :from clojure-lsp.logger, :from-var debug, :name meta, :name-col 23, :name-end-col 27, :name-end-row 43, :name-row 43, :row 43, :to clojure.core}
{:col 28, :context {}, :end-col 34, :end-row 44, :filename "lib/src/clojure_lsp/logger.clj", :from clojure-lsp.logger, :from-var debug, :name *file*, :name-col 28, :name-end-col 34, :name-end-row 44, :name-row 44, :row 44, :to clojure.core}
{:arity 1, :col 30, :context {}, :end-col 40, :end-row 45, :filename "lib/src/clojure_lsp/logger.clj", :fixed-arities #{0 1}, :from clojure-lsp.logger, :from-var debug, :name str, :name-col 31, :name-end-col 34, :name-end-row 45, :name-row 45, :row 45, :to clojure.core, :varargs-min-arity 1}
{:col 35, :context {}, :end-col 39, :end-row 45, :filename "lib/src/clojure_lsp/logger.clj", :from clojure-lsp.logger, :from-var debug, :name *ns*, :name-col 35, :name-end-col 39, :name-end-row 45, :name-row 45, :row 45, :to clojure.core}
{:col 7, :context {}, :end-col 11, :end-row 46, :filename "lib/src/clojure_lsp/logger.clj", :from clojure-lsp.logger, :from-var debug, :macro true, :name when, :name-col 7, :name-end-col 11, :name-end-row 46, :name-row 46, :row 46, :to clojure.core, :varargs-min-arity 1}
{:col 12, :context {}, :end-col 20, :end-row 46, :filename "lib/src/clojure_lsp/logger.clj", :from clojure-lsp.logger, :from-var debug, :name *logger*, :name-col 12, :name-end-col 20, :name-end-row 46, :name-row 46, :row 46, :to clojure-lsp.logger}
{:col 9, :context {}, :end-col 15, :end-row 47, :filename "lib/src/clojure_lsp/logger.clj", :fixed-arities #{3 4 5}, :from clojure-lsp.logger, :from-var debug, :name -debug, :name-col 9, :name-end-col 15, :name-end-row 47, :name-row 47, :row 47, :to clojure-lsp.logger}
{:col 16, :context {}, :end-col 24, :end-row 47, :filename "lib/src/clojure_lsp/logger.clj", :from clojure-lsp.logger, :from-var debug, :name *logger*, :name-col 16, :name-end-col 24, :name-end-row 47, :name-row 47, :row 47, :to clojure-lsp.logger}
{:arity 9, :col 1, :context {}, :end-col 35, :end-row 13, :filename "lib/src/clojure_lsp/producer.clj", :from clojure-lsp.producer, :macro true, :name defprotocol, :name-col 2, :name-end-col 13, :name-end-row 5, :name-row 5, :row 5, :to clojure.core, :varargs-min-arity 1}
{:col 23, :context {}, :end-col 27, :end-row 6, :filename "lib/src/clojure_lsp/producer.clj", :from clojure-lsp.producer, :name this, :name-col 23, :name-end-col 27, :name-end-row 6, :name-row 6, :row 6, :to :clj-kondo/unknown-namespace}
{:col 24, :context {}, :end-col 28, :end-row 7, :filename "lib/src/clojure_lsp/producer.clj", :from clojure-lsp.producer, :name this, :name-col 24, :name-end-col 28, :name-end-row 7, :name-row 7, :row 7, :to :clj-kondo/unknown-namespace}
{:col 29, :context {}, :end-col 39, :end-row 7, :filename "lib/src/clojure_lsp/producer.clj", :from clojure-lsp.producer, :name diagnostic, :name-col 29, :name-end-col 39, :name-end-row 7, :name-row 7, :row 7, :to :clj-kondo/unknown-namespace}
{:col 28, :context {}, :end-col 32, :end-row 8, :filename "lib/src/clojure_lsp/producer.clj", :from clojure-lsp.producer, :name this, :name-col 28, :name-end-col 32, :name-end-row 8, :name-row 8, :row 8, :to :clj-kondo/unknown-namespace}
{:col 33, :context {}, :end-col 37, :end-row 8, :filename "lib/src/clojure_lsp/producer.clj", :from clojure-lsp.producer, :name edit, :name-col 33, :name-end-col 37, :name-end-row 8, :name-row 8, :row 8, :to :clj-kondo/unknown-namespace}
{:col 22, :context {}, :end-col 26, :end-row 9, :filename "lib/src/clojure_lsp/producer.clj", :from clojure-lsp.producer, :name this, :name-col 22, :name-end-col 26, :name-end-row 9, :name-row 9, :row 9, :to :clj-kondo/unknown-namespace}
{:col 27, :context {}, :end-col 37, :end-row 9, :filename "lib/src/clojure_lsp/producer.clj", :from clojure-lsp.producer, :name percentage, :name-col 27, :name-end-col 37, :name-end-row 9, :name-row 9, :row 9, :to :clj-kondo/unknown-namespace}
{:col 38, :context {}, :end-col 45, :end-row 9, :filename "lib/src/clojure_lsp/producer.clj", :from clojure-lsp.producer, :name message, :name-col 38, :name-end-col 45, :name-end-row 9, :name-row 9, :row 9, :to :clj-kondo/unknown-namespace}
{:col 46, :context {}, :end-col 60, :end-row 9, :filename "lib/src/clojure_lsp/producer.clj", :from clojure-lsp.producer, :name progress-token, :name-col 46, :name-end-col 60, :name-end-row 9, :name-row 9, :row 9, :to :clj-kondo/unknown-namespace}
{:col 27, :context {}, :end-col 31, :end-row 10, :filename "lib/src/clojure_lsp/producer.clj", :from clojure-lsp.producer, :name this, :name-col 27, :name-end-col 31, :name-end-row 10, :name-row 10, :row 10, :to :clj-kondo/unknown-namespace}
{:col 32, :context {}, :end-col 48, :end-row 10, :filename "lib/src/clojure_lsp/producer.clj", :from clojure-lsp.producer, :name document-request, :name-col 32, :name-end-col 48, :name-end-row 10, :name-row 10, :row 10, :to :clj-kondo/unknown-namespace}
{:col 26, :context {}, :end-col 30, :end-row 11, :filename "lib/src/clojure_lsp/producer.clj", :from clojure-lsp.producer, :name this, :name-col 26, :name-end-col 30, :name-end-row 11, :name-row 11, :row 11, :to :clj-kondo/unknown-namespace}
{:col 31, :context {}, :end-col 38, :end-row 11, :filename "lib/src/clojure_lsp/producer.clj", :from clojure-lsp.producer, :name message, :name-col 31, :name-end-col 38, :name-end-row 11, :name-row 11, :row 11, :to :clj-kondo/unknown-namespace}
{:col 39, :context {}, :end-col 43, :end-row 11, :filename "lib/src/clojure_lsp/producer.clj", :fixed-arities #{1}, :from clojure-lsp.producer, :name type, :name-col 39, :name-end-col 43, :name-end-row 11, :name-row 11, :row 11, :to clojure.core}
{:col 44, :context {}, :end-col 51, :end-row 11, :filename "lib/src/clojure_lsp/producer.clj", :from clojure-lsp.producer, :name actions, :name-col 44, :name-end-col 51, :name-end-row 11, :name-row 11, :row 11, :to :clj-kondo/unknown-namespace}
{:col 18, :context {}, :end-col 22, :end-row 12, :filename "lib/src/clojure_lsp/producer.clj", :from clojure-lsp.producer, :name this, :name-col 18, :name-end-col 22, :name-end-row 12, :name-row 12, :row 12, :to :clj-kondo/unknown-namespace}
{:col 23, :context {}, :end-col 30, :end-row 12, :filename "lib/src/clojure_lsp/producer.clj", :from clojure-lsp.producer, :name message, :name-col 23, :name-end-col 30, :name-end-row 12, :name-row 12, :row 12, :to :clj-kondo/unknown-namespace}
{:col 31, :context {}, :end-col 35, :end-row 12, :filename "lib/src/clojure_lsp/producer.clj", :fixed-arities #{1}, :from clojure-lsp.producer, :name type, :name-col 31, :name-end-col 35, :name-end-row 12, :name-row 12, :row 12, :to clojure.core}
{:col 36, :context {}, :end-col 41, :end-row 12, :filename "lib/src/clojure_lsp/producer.clj", :from clojure-lsp.producer, :name extra, :name-col 36, :name-end-col 41, :name-end-row 12, :name-row 12, :row 12, :to :clj-kondo/unknown-namespace}
{:col 23, :context {}, :end-col 27, :end-row 13, :filename "lib/src/clojure_lsp/producer.clj", :from clojure-lsp.producer, :name this, :name-col 23, :name-end-col 27, :name-end-row 13, :name-row 13, :row 13, :to :clj-kondo/unknown-namespace}
{:col 28, :context {}, :end-col 32, :end-row 13, :filename "lib/src/clojure_lsp/producer.clj", :from clojure-lsp.producer, :name uris, :name-col 28, :name-end-col 32, :name-end-row 13, :name-row 13, :row 13, :to :clj-kondo/unknown-namespace}
{:arity 2, :col 1, :context {}, :end-col 33, :end-row 11, :filename "lib/src/clojure_lsp/settings.clj", :fixed-arities #{2}, :from clojure-lsp.settings, :macro true, :name set!, :name-col 2, :name-end-col 6, :name-end-row 11, :name-row 11, :row 11, :to clojure.core}
{:col 7, :context {}, :end-col 27, :end-row 11, :filename "lib/src/clojure_lsp/settings.clj", :from clojure-lsp.settings, :name *warn-on-reflection*, :name-col 7, :name-end-col 27, :name-end-row 11, :name-row 11, :row 11, :to clojure.core}
{:arity 3, :col 1, :context {}, :end-col 24, :end-row 18, :filename "lib/src/clojure_lsp/settings.clj", :from clojure-lsp.settings, :macro true, :name defn-, :name-col 2, :name-end-col 7, :name-end-row 13, :name-row 13, :row 13, :to clojure.core, :varargs-min-arity 2}
{:alias walk, :arity 2, :col 3, :context {}, :end-col 23, :end-row 18, :filename "lib/src/clojure_lsp/settings.clj", :fixed-arities #{2}, :from clojure-lsp.settings, :from-var typify-json, :name postwalk, :name-col 4, :name-end-col 17, :name-end-row 14, :name-row 14, :row 14, :to clojure.walk}
{:arity 2, :col 18, :context {}, :end-col 25, :end-row 17, :filename "lib/src/clojure_lsp/settings.clj", :from clojure-lsp.settings, :from-var typify-json, :macro true, :name fn, :name-col 19, :name-end-col 21, :name-end-row 14, :name-row 14, :row 14, :to clojure.core, :varargs-min-arity 0}
{:arity 3, :col 20, :context {}, :end-col 24, :end-row 17, :filename "lib/src/clojure_lsp/settings.clj", :from clojure-lsp.settings, :from-var typify-json, :name if, :name-col 21, :name-end-col 23, :name-end-row 15, :name-row 15, :row 15, :to clojure.core}
{:arity 1, :col 24, :context {}, :end-col 35, :end-row 15, :filename "lib/src/clojure_lsp/settings.clj", :fixed-arities #{1}, :from clojure-lsp.settings, :from-var typify-json, :name string?, :name-col 25, :name-end-col 32, :name-end-row 15, :name-row 15, :row 15, :to clojure.core}
{:arity 1, :col 22, :context {}, :end-col 33, :end-row 16, :filename "lib/src/clojure_lsp/settings.clj", :fixed-arities #{1 2}, :from clojure-lsp.settings, :from-var typify-json, :name keyword, :name-col 23, :name-end-col 30, :name-end-row 16, :name-row 16, :row 16, :to clojure.core}
{:arity 3, :col 1, :context {}, :end-col 39, :end-row 25, :filename "lib/src/clojure_lsp/settings.clj", :from clojure-lsp.settings, :macro true, :name defn-, :name-col 2, :name-end-col 7, :name-end-row 20, :name-row 20, :row 20, :to clojure.core, :varargs-min-arity 2}
{:arity 3, :col 3, :context {}, :end-col 38, :end-row 25, :filename "lib/src/clojure_lsp/settings.clj", :from clojure-lsp.settings, :from-var clean-symbol-map, :macro true, :name ->>, :name-col 4, :name-end-col 7, :name-end-row 21, :name-row 21, :row 21, :to clojure.core, :varargs-min-arity 1}
{:arity 2, :col 8, :context {}, :end-col 17, :end-row 21, :filename "lib/src/clojure_lsp/settings.clj", :fixed-arities #{0 1}, :from clojure-lsp.settings, :from-var clean-symbol-map, :macro true, :name or, :name-col 9, :name-end-col 11, :name-end-row 21, :name-row 21, :row 21, :to clojure.core, :varargs-min-arity 1}
{:alias medley, :arity 2, :col 8, :context {}, :end-col 40, :end-row 24, :filename "lib/src/clojure_lsp/settings.clj", :from clojure-lsp.settings, :from-var clean-symbol-map, :name map-keys, :name-col 9, :name-end-col 24, :name-end-row 22, :name-row 22, :row 22, :to medley.core}
{:arity 2, :col 25, :context {}, :end-col 39, :end-row 24, :filename "lib/src/clojure_lsp/settings.clj", :from clojure-lsp.settings, :from-var clean-symbol-map, :name fn*, :row 22, :to clojure.core}
{:arity 3, :col 26, :context {}, :end-col 39, :end-row 24, :filename "lib/src/clojure_lsp/settings.clj", :from clojure-lsp.settings, :from-var clean-symbol-map, :name if, :name-col 27, :name-end-col 29, :name-end-row 22, :name-row 22, :row 22, :to clojure.core}
{:alias string, :arity 2, :col 30, :context {}, :end-col 57, :end-row 22, :filename "lib/src/clojure_lsp/settings.clj", :fixed-arities #{2}, :from clojure-lsp.settings, :from-var clean-symbol-map, :name starts-with?, :name-col 31, :name-end-col 50, :name-end-row 22, :name-row 22, :row 22, :to clojure.string}
{:arity 1, :col 28, :context {}, :end-col 51, :end-row 23, :filename "lib/src/clojure_lsp/settings.clj", :fixed-arities #{1}, :from clojure-lsp.settings, :from-var clean-symbol-map, :name re-pattern, :name-col 29, :name-end-col 39, :name-end-row 23, :name-row 23, :row 23, :to clojure.core}
{:arity 2, :col 40, :context {}, :end-col 50, :end-row 23, :filename "lib/src/clojure_lsp/settings.clj", :fixed-arities #{2 3}, :from clojure-lsp.settings, :from-var clean-symbol-map, :name subs, :name-col 41, :name-end-col 45, :name-end-row 23, :name-row 23, :row 23, :to clojure.core}
{:arity 1, :col 28, :context {}, :end-col 38, :end-row 24, :filename "lib/src/clojure_lsp/settings.clj", :fixed-arities #{1 2}, :from clojure-lsp.settings, :from-var clean-symbol-map, :name symbol, :name-col 29, :name-end-col 35, :name-end-row 24, :name-row 24, :row 24, :to clojure.core}
{:alias medley, :arity 2, :col 8, :context {}, :end-col 37, :end-row 25, :filename "lib/src/clojure_lsp/settings.clj", :from clojure-lsp.settings, :from-var clean-symbol-map, :name map-vals, :name-col 9, :name-end-col 24, :name-end-row 25, :name-row 25, :row 25, :to medley.core}
{:col 25, :context {}, :end-col 36, :end-row 25, :filename "lib/src/clojure_lsp/settings.clj", :fixed-arities #{1}, :from clojure-lsp.settings, :from-var clean-symbol-map, :name typify-json, :name-col 25, :name-end-col 36, :name-end-row 25, :name-row 25, :private true, :row 25, :to clojure-lsp.settings}
{:arity 3, :col 1, :context {}, :end-col 39, :end-row 30, :filename "lib/src/clojure_lsp/settings.clj", :from clojure-lsp.settings, :macro true, :name defn-, :name-col 2, :name-end-col 7, :name-end-row 27, :name-row 27, :row 27, :to clojure.core, :varargs-min-arity 2}
{:arity 2, :col 3, :context {}, :end-col 38, :end-row 30, :filename "lib/src/clojure_lsp/settings.clj", :from clojure-lsp.settings, :from-var clean-keys-map, :macro true, :name ->>, :name-col 4, :name-end-col 7, :name-end-row 28, :name-row 28, :row 28, :to clojure.core, :varargs-min-arity 1}
{:arity 2, :col 8, :context {}, :end-col 17, :end-row 28, :filename "lib/src/clojure_lsp/settings.clj", :fixed-arities #{0 1}, :from clojure-lsp.settings, :from-var clean-keys-map, :macro true, :name or, :name-col 9, :name-end-col 11, :name-end-row 28, :name-row 28, :row 28, :to clojure.core, :varargs-min-arity 1}
{:alias medley, :arity 2, :col 8, :context {}, :end-col 37, :end-row 30, :filename "lib/src/clojure_lsp/settings.clj", :from clojure-lsp.settings, :from-var clean-keys-map, :name map-vals, :name-col 9, :name-end-col 24, :name-end-row 30, :name-row 30, :row 30, :to medley.core}
{:col 25, :context {}, :end-col 36, :end-row 30, :filename "lib/src/clojure_lsp/settings.clj", :fixed-arities #{1}, :from clojure-lsp.settings, :from-var clean-keys-map, :name typify-json, :name-col 25, :name-end-col 36, :name-end-row 30, :name-row 30, :private true, :row 30, :to clojure-lsp.settings}
{:arity 3, :col 1, :context {}, :end-col 24, :end-row 40, :filename "lib/src/clojure_lsp/settings.clj", :from clojure-lsp.settings, :macro true, :name defn, :name-col 2, :name-end-col 6, :name-end-row 32, :name-row 32, :row 32, :to clojure.core, :varargs-min-arity 2}
{:arity 2, :col 3, :context {}, :end-col 23, :end-row 40, :filename "lib/src/clojure_lsp/settings.clj", :from clojure-lsp.settings, :from-var parse-source-paths, :macro true, :name when, :name-col 4, :name-end-col 8, :name-end-row 33, :name-row 33, :row 33, :to clojure.core, :varargs-min-arity 1}
{:arity 1, :col 9, :context {}, :end-col 20, :end-row 33, :filename "lib/src/clojure_lsp/settings.clj", :fixed-arities #{1}, :from clojure-lsp.settings, :from-var parse-source-paths, :name seq, :name-col 10, :name-end-col 13, :name-end-row 33, :name-row 33, :row 33, :to clojure.core}
{:arity 4, :col 5, :context {}, :end-col 22, :end-row 40, :filename "lib/src/clojure_lsp/settings.clj", :from clojure-lsp.settings, :from-var parse-source-paths, :macro true, :name ->>, :name-col 6, :name-end-col 9, :name-end-row 34, :name-row 34, :row 34, :to clojure.core, :varargs-min-arity 1}
{:arity 2, :col 10, :context {}, :end-col 25, :end-row 38, :filename "lib/src/clojure_lsp/settings.clj", :fixed-arities #{1 2}, :from clojure-lsp.settings, :from-var parse-source-paths, :name keep, :name-col 11, :name-end-col 15, :name-end-row 35, :name-row 35, :row 35, :to clojure.core}
{:arity 2, :col 16, :context {}, :end-col 24, :end-row 38, :filename "lib/src/clojure_lsp/settings.clj", :from clojure-lsp.settings, :from-var parse-source-paths, :name fn*, :row 35, :to clojure.core}
{:arity 2, :col 17, :context {}, :end-col 24, :end-row 38, :filename "lib/src/clojure_lsp/settings.clj", :from clojure-lsp.settings, :from-var parse-source-paths, :macro true, :name when, :name-col 18, :name-end-col 22, :name-end-row 35, :name-row 35, :row 35, :to clojure.core, :varargs-min-arity 1}
{:arity 1, :col 23, :context {}, :end-col 34, :end-row 35, :filename "lib/src/clojure_lsp/settings.clj", :fixed-arities #{1}, :from clojure-lsp.settings, :from-var parse-source-paths, :name string?, :name-col 24, :name-end-col 31, :name-end-row 35, :name-row 35, :row 35, :to clojure.core}
{:arity 3, :col 19, :context {}, :end-col 23, :end-row 38, :filename "lib/src/clojure_lsp/settings.clj", :from clojure-lsp.settings, :from-var parse-source-paths, :name if, :name-col 20, :name-end-col 22, :name-end-row 36, :name-row 36, :row 36, :to clojure.core}
{:alias string, :arity 2, :col 23, :context {}, :end-col 50, :end-row 36, :filename "lib/src/clojure_lsp/settings.clj", :fixed-arities #{2}, :from clojure-lsp.settings, :from-var parse-source-paths, :name starts-with?, :name-col 24, :name-end-col 43, :name-end-row 36, :name-row 36, :row 36, :to clojure.string}
{:arity 2, :col 21, :context {}, :end-col 31, :end-row 37, :filename "lib/src/clojure_lsp/settings.clj", :fixed-arities #{2 3}, :from clojure-lsp.settings, :from-var parse-source-paths, :name subs, :name-col 22, :name-end-col 26, :name-end-row 37, :name-row 37, :row 37, :to clojure.core}
{:arity 2, :col 10, :context {}, :end-col 20, :end-row 39, :filename "lib/src/clojure_lsp/settings.clj", :fixed-arities #{0 1 2 3}, :from clojure-lsp.settings, :from-var parse-source-paths, :name into, :name-col 11, :name-end-col 15, :name-end-row 39, :name-row 39, :row 39, :to clojure.core}
{:arity 1, :col 10, :context {}, :end-col 21, :end-row 40, :filename "lib/src/clojure_lsp/settings.clj", :fixed-arities #{1}, :from clojure-lsp.settings, :from-var parse-source-paths, :name not-empty, :name-col 11, :name-end-col 20, :name-end-row 40, :name-row 40, :row 40, :to clojure.core}
{:arity 3, :col 1, :context {}, :end-col 30, :end-row 47, :filename "lib/src/clojure_lsp/settings.clj", :from clojure-lsp.settings, :macro true, :name defn, :name-col 2, :name-end-col 6, :name-end-row 42, :name-row 42, :row 42, :to clojure.core, :varargs-min-arity 2}
{:arity 6, :col 3, :context {}, :end-col 29, :end-row 47, :filename "lib/src/clojure_lsp/settings.clj", :from clojure-lsp.settings, :from-var kwd-string, :macro true, :name cond, :name-col 4, :name-end-col 8, :name-end-row 43, :name-row 43, :row 43, :to clojure.core, :varargs-min-arity 0}
{:arity 1, :col 5, :context {}, :end-col 17, :end-row 44, :filename "lib/src/clojure_lsp/settings.clj", :fixed-arities #{1}, :from clojure-lsp.settings, :from-var kwd-string, :name keyword?, :name-col 6, :name-end-col 14, :name-end-row 44, :name-row 44, :row 44, :to clojure.core}
{:arity 2, :col 5, :context {}, :end-col 38, :end-row 46, :filename "lib/src/clojure_lsp/settings.clj", :fixed-arities #{0 1}, :from clojure-lsp.settings, :from-var kwd-string, :macro true, :name and, :name-col 6, :name-end-col 9, :name-end-row 45, :name-row 45, :row 45, :to clojure.core, :varargs-min-arity 1}
{:arity 1, :col 10, :context {}, :end-col 21, :end-row 45, :filename "lib/src/clojure_lsp/settings.clj", :fixed-arities #{1}, :from clojure-lsp.settings, :from-var kwd-string, :name string?, :name-col 11, :name-end-col 18, :name-end-row 45, :name-row 45, :row 45, :to clojure.core}
{:alias string, :arity 2, :col 10, :context {}, :end-col 37, :end-row 46, :filename "lib/src/clojure_lsp/settings.clj", :fixed-arities #{2}, :from clojure-lsp.settings, :from-var kwd-string, :name starts-with?, :name-col 11, :name-end-col 30, :name-end-row 46, :name-row 46, :row 46, :to clojure.string}
{:arity 1, :col 39, :context {}, :end-col 59, :end-row 46, :filename "lib/src/clojure_lsp/settings.clj", :fixed-arities #{1 2}, :from clojure-lsp.settings, :from-var kwd-string, :name keyword, :name-col 40, :name-end-col 47, :name-end-row 46, :name-row 46, :row 46, :to clojure.core}
{:arity 2, :col 48, :context {}, :end-col 58, :end-row 46, :filename "lib/src/clojure_lsp/settings.clj", :fixed-arities #{2 3}, :from clojure-lsp.settings, :from-var kwd-string, :name subs, :name-col 49, :name-end-col 53, :name-end-row 46, :name-row 46, :row 46, :to clojure.core}
{:arity 1, :col 5, :context {}, :end-col 16, :end-row 47, :filename "lib/src/clojure_lsp/settings.clj", :fixed-arities #{1}, :from clojure-lsp.settings, :from-var kwd-string, :name string?, :name-col 6, :name-end-col 13, :name-end-row 47, :name-row 47, :row 47, :to clojure.core}
{:arity 1, :col 17, :context {}, :end-col 28, :end-row 47, :filename "lib/src/clojure_lsp/settings.clj", :fixed-arities #{1 2}, :from clojure-lsp.settings, :from-var kwd-string, :name keyword, :name-col 18, :name-end-col 25, :name-end-row 47, :name-row 47, :row 47, :to clojure.core}
{:arity 3, :col 1, :context {}, :end-col 24, :end-row 54, :filename "lib/src/clojure_lsp/settings.clj", :from clojure-lsp.settings, :macro true, :name defn, :name-col 2, :name-end-col 6, :name-end-row 49, :name-row 49, :row 49, :to clojure.core, :varargs-min-arity 2}
{:arity 2, :col 3, :context {}, :end-col 23, :end-row 54, :filename "lib/src/clojure_lsp/settings.clj", :from clojure-lsp.settings, :from-var parse-source-aliases, :macro true, :name when, :name-col 4, :name-end-col 8, :name-end-row 50, :name-row 50, :row 50, :to clojure.core, :varargs-min-arity 1}
{:arity 1, :col 9, :context {}, :end-col 22, :end-row 50, :filename "lib/src/clojure_lsp/settings.clj", :fixed-arities #{1}, :from clojure-lsp.settings, :from-var parse-source-aliases, :name seq, :name-col 10, :name-end-col 13, :name-end-row 50, :name-row 50, :row 50, :to clojure.core}
{:arity 4, :col 5, :context {}, :end-col 22, :end-row 54, :filename "lib/src/clojure_lsp/settings.clj", :from clojure-lsp.settings, :from-var parse-source-aliases, :macro true, :name ->>, :name-col 6, :name-end-col 9, :name-end-row 51, :name-row 51, :row 51, :to clojure.core, :varargs-min-arity 1}
{:arity 2, :col 10, :context {}, :end-col 27, :end-row 52, :filename "lib/src/clojure_lsp/settings.clj", :fixed-arities #{1 2}, :from clojure-lsp.settings, :from-var parse-source-aliases, :name keep, :name-col 11, :name-end-col 15, :name-end-row 52, :name-row 52, :row 52, :to clojure.core}
{:arity 1, :col 16, :context {}, :end-col 26, :end-row 52, :filename "lib/src/clojure_lsp/settings.clj", :fixed-arities #{1}, :from clojure-lsp.settings, :from-var parse-source-aliases, :name kwd-string, :row 52, :to clojure-lsp.settings}
{:col 16, :context {}, :end-col 26, :end-row 52, :filename "lib/src/clojure_lsp/settings.clj", :fixed-arities #{1}, :from clojure-lsp.settings, :from-var parse-source-aliases, :name kwd-string, :name-col 16, :name-end-col 26, :name-end-row 52, :name-row 52, :row 52, :to clojure-lsp.settings}
{:arity 2, :col 10, :context {}, :end-col 20, :end-row 53, :filename "lib/src/clojure_lsp/settings.clj", :fixed-arities #{0 1 2 3}, :from clojure-lsp.settings, :from-var parse-source-aliases, :name into, :name-col 11, :name-end-col 15, :name-end-row 53, :name-row 53, :row 53, :to clojure.core}
{:arity 1, :col 10, :context {}, :end-col 21, :end-row 54, :filename "lib/src/clojure_lsp/settings.clj", :fixed-arities #{1}, :from clojure-lsp.settings, :from-var parse-source-aliases, :name not-empty, :name-col 11, :name-end-col 20, :name-end-row 54, :name-row 54, :row 54, :to clojure.core}
{:arity 3, :col 1, :context {}, :end-col 66, :end-row 66, :filename "lib/src/clojure_lsp/settings.clj", :from clojure-lsp.settings, :macro true, :name defn, :name-col 2, :name-end-col 6, :name-end-row 56, :name-row 56, :row 56, :to clojure.core, :varargs-min-arity 2}
{:arity 10, :col 3, :context {}, :end-col 65, :end-row 66, :filename "lib/src/clojure_lsp/settings.clj", :from clojure-lsp.settings, :from-var clean-client-settings, :macro true, :name ->, :name-col 4, :name-end-col 6, :name-end-row 57, :name-row 57, :row 57, :to clojure.core, :varargs-min-arity 1}
{:arity 3, :col 7, :context {}, :end-col 52, :end-row 58, :filename "lib/src/clojure_lsp/settings.clj", :fixed-arities #{3 4 5 6}, :from clojure-lsp.settings, :from-var clean-client-settings, :name update, :name-col 8, :name-end-col 14, :name-end-row 58, :name-row 58, :row 58, :to clojure.core, :varargs-min-arity 6}
{:arity 2, :col 34, :context {}, :end-col 51, :end-row 58, :filename "lib/src/clojure_lsp/settings.clj", :from clojure-lsp.settings, :from-var clean-client-settings, :name fn*, :row 58, :to clojure.core}
{:arity 2, :col 35, :context {}, :end-col 51, :end-row 58, :filename "lib/src/clojure_lsp/settings.clj", :fixed-arities #{0 1}, :from clojure-lsp.settings, :from-var clean-client-settings, :macro true, :name or, :name-col 36, :name-end-col 38, :name-end-row 58, :name-row 58, :row 58, :to clojure.core, :varargs-min-arity 1}
{:arity 3, :col 7, :context {}, :end-col 51, :end-row 59, :filename "lib/src/clojure_lsp/settings.clj", :fixed-arities #{3 4 5 6}, :from clojure-lsp.settings, :from-var clean-client-settings, :name update, :name-col 8, :name-end-col 14, :name-end-row 59, :name-row 59, :row 59, :to clojure.core, :varargs-min-arity 6}
{:arity 1, :col 40, :context {}, :end-col 50, :end-row 59, :filename "lib/src/clojure_lsp/settings.clj", :fixed-arities #{1}, :from clojure-lsp.settings, :from-var clean-client-settings, :name kwd-string, :row 59, :to clojure-lsp.settings}
{:col 40, :context {}, :end-col 50, :end-row 59, :filename "lib/src/clojure_lsp/settings.clj", :fixed-arities #{1}, :from clojure-lsp.settings, :from-var clean-client-settings, :name kwd-string, :name-col 40, :name-end-col 50, :name-end-row 59, :name-row 59, :row 59, :to clojure-lsp.settings}
{:arity 3, :col 7, :context {}, :end-col 48, :end-row 60, :filename "lib/src/clojure_lsp/settings.clj", :fixed-arities #{3 4 5 6}, :from clojure-lsp.settings, :from-var clean-client-settings, :name update, :name-col 8, :name-end-col 14, :name-end-row 60, :name-row 60, :row 60, :to clojure.core, :varargs-min-arity 6}
{:arity 1, :col 29, :context {}, :end-col 47, :end-row 60, :filename "lib/src/clojure_lsp/settings.clj", :fixed-arities #{1}, :from clojure-lsp.settings, :from-var clean-client-settings, :name parse-source-paths, :row 60, :to clojure-lsp.settings}
{:col 29, :context {}, :end-col 47, :end-row 60, :filename "lib/src/clojure_lsp/settings.clj", :fixed-arities #{1}, :from clojure-lsp.settings, :from-var clean-client-settings, :name parse-source-paths, :name-col 29, :name-end-col 47, :name-end-row 60, :name-row 60, :row 60, :to clojure-lsp.settings}
{:arity 3, :col 7, :context {}, :end-col 52, :end-row 61, :filename "lib/src/clojure_lsp/settings.clj", :fixed-arities #{3 4 5 6}, :from clojure-lsp.settings, :from-var clean-client-settings, :name update, :name-col 8, :name-end-col 14, :name-end-row 61, :name-row 61, :row 61, :to clojure.core, :varargs-min-arity 6}
{:arity 1, :col 31, :context {}, :end-col 51, :end-row 61, :filename "lib/src/clojure_lsp/settings.clj", :fixed-arities #{1}, :from clojure-lsp.settings, :from-var clean-client-settings, :name parse-source-aliases, :row 61, :to clojure-lsp.settings}
{:col 31, :context {}, :end-col 51, :end-row 61, :filename "lib/src/clojure_lsp/settings.clj", :fixed-arities #{1}, :from clojure-lsp.settings, :from-var clean-client-settings, :name parse-source-aliases, :name-col 31, :name-end-col 51, :name-end-row 61, :name-row 61, :row 61, :to clojure-lsp.settings}
{:arity 3, :col 7, :context {}, :end-col 57, :end-row 62, :filename "lib/src/clojure_lsp/settings.clj", :fixed-arities #{3 4 5 6}, :from clojure-lsp.settings, :from-var clean-client-settings, :name update, :name-col 8, :name-end-col 14, :name-end-row 62, :name-row 62, :row 62, :to clojure.core, :varargs-min-arity 6}
{:arity 2, :col 35, :context {}, :end-col 56, :end-row 62, :filename "lib/src/clojure_lsp/settings.clj", :from clojure-lsp.settings, :from-var clean-client-settings, :name fn*, :row 62, :to clojure.core}
{:arity 2, :col 36, :context {}, :end-col 56, :end-row 62, :filename "lib/src/clojure_lsp/settings.clj", :fixed-arities #{0 1}, :from clojure-lsp.settings, :from-var clean-client-settings, :macro true, :name or, :name-col 37, :name-end-col 39, :name-end-row 62, :name-row 62, :row 62, :to clojure.core, :varargs-min-arity 1}
{:alias medley, :arity 3, :col 7, :context {}, :end-col 70, :end-row 63, :filename "lib/src/clojure_lsp/settings.clj", :from clojure-lsp.settings, :from-var clean-client-settings, :name update-existing-in, :name-col 8, :name-end-col 33, :name-end-row 63, :name-row 63, :row 63, :to medley.core}
{:col 53, :context {}, :end-col 69, :end-row 63, :filename "lib/src/clojure_lsp/settings.clj", :fixed-arities #{1}, :from clojure-lsp.settings, :from-var clean-client-settings, :name clean-symbol-map, :name-col 53, :name-end-col 69, :name-end-row 63, :name-row 63, :private true, :row 63, :to clojure-lsp.settings}
{:alias medley, :arity 3, :col 7, :context {}, :end-col 60, :end-row 64, :filename "lib/src/clojure_lsp/settings.clj", :from clojure-lsp.settings, :from-var clean-client-settings, :name update-existing-in, :name-col 8, :name-end-col 33, :name-end-row 64, :name-row 64, :row 64, :to medley.core}
{:col 45, :context {}, :end-col 59, :end-row 64, :filename "lib/src/clojure_lsp/settings.clj", :fixed-arities #{1}, :from clojure-lsp.settings, :from-var clean-client-settings, :name clean-keys-map, :name-col 45, :name-end-col 59, :name-end-row 64, :name-row 64, :private true, :row 64, :to clojure-lsp.settings}
{:arity 3, :col 7, :context {}, :end-col 58, :end-row 65, :filename "lib/src/clojure_lsp/settings.clj", :fixed-arities #{3 4 5 6}, :from clojure-lsp.settings, :from-var clean-client-settings, :name update, :name-col 8, :name-end-col 14, :name-end-row 65, :name-row 65, :row 65, :to clojure.core, :varargs-min-arity 6}
{:arity 2, :col 37, :context {}, :end-col 57, :end-row 65, :filename "lib/src/clojure_lsp/settings.clj", :fixed-arities #{2 3 4}, :from clojure-lsp.settings, :from-var clean-client-settings, :name fnil, :name-col 38, :name-end-col 42, :name-end-row 65, :name-row 65, :row 65, :to clojure.core}
{:col 43, :context {}, :end-col 51, :end-row 65, :filename "lib/src/clojure_lsp/settings.clj", :fixed-arities #{1}, :from clojure-lsp.settings, :from-var clean-client-settings, :name identity, :name-col 43, :name-end-col 51, :name-end-row 65, :name-row 65, :row 65, :to clojure.core}
{:arity 3, :col 7, :context {}, :end-col 64, :end-row 66, :filename "lib/src/clojure_lsp/settings.clj", :fixed-arities #{3 4 5 6}, :from clojure-lsp.settings, :from-var clean-client-settings, :name update, :name-col 8, :name-end-col 14, :name-end-row 66, :name-row 66, :row 66, :to clojure.core, :varargs-min-arity 6}
{:arity 2, :col 43, :context {}, :end-col 63, :end-row 66, :filename "lib/src/clojure_lsp/settings.clj", :fixed-arities #{2 3 4}, :from clojure-lsp.settings, :from-var clean-client-settings, :name fnil, :name-col 44, :name-end-col 48, :name-end-row 66, :name-row 66, :row 66, :to clojure.core}
{:col 49, :context {}, :end-col 57, :end-row 66, :filename "lib/src/clojure_lsp/settings.clj", :fixed-arities #{1}, :from clojure-lsp.settings, :from-var clean-client-settings, :name identity, :name-col 49, :name-end-col 57, :name-end-row 66, :name-row 66, :row 66, :to clojure.core}
{:arity 3, :col 1, :context {}, :end-col 66, :end-row 73, :filename "lib/src/clojure_lsp/settings.clj", :from clojure-lsp.settings, :macro true, :name defn, :name-col 2, :name-end-col 6, :name-end-row 68, :name-row 68, :row 68, :to clojure.core, :varargs-min-arity 2}
{:arity 2, :col 3, :context {}, :end-col 65, :end-row 73, :filename "lib/src/clojure_lsp/settings.clj", :from clojure-lsp.settings, :from-var get-refreshed-settings, :macro true, :name let, :name-col 4, :name-end-col 7, :name-end-row 69, :name-row 69, :row 69, :to clojure.core, :varargs-min-arity 1}
{:alias config, :arity 1, :col 30, :context {}, :end-col 72, :end-row 69, :filename "lib/src/clojure_lsp/settings.clj", :fixed-arities #{1}, :from clojure-lsp.settings, :from-var get-refreshed-settings, :name resolve-for-root, :name-col 31, :name-end-col 54, :name-end-row 69, :name-row 69, :row 69, :to clojure-lsp.config}
{:arity 2, :col 5, :context {}, :end-col 64, :end-row 73, :filename "lib/src/clojure_lsp/settings.clj", :from clojure-lsp.settings, :from-var get-refreshed-settings, :macro true, :name ->, :name-col 6, :name-end-col 8, :name-end-row 70, :name-row 70, :row 70, :to clojure.core, :varargs-min-arity 1}
{:alias config, :arity 3, :col 9, :context {}, :end-col 64, :end-row 72, :filename "lib/src/clojure_lsp/settings.clj", :fixed-arities #{2}, :from clojure-lsp.settings, :from-var get-refreshed-settings, :name deep-merge-considering-settings, :name-col 10, :name-end-col 48, :name-end-row 70, :name-row 70, :row 70, :to clojure-lsp.config, :varargs-min-arity 2}
{:alias config, :arity 2, :col 9, :context {}, :end-col 63, :end-row 73, :filename "lib/src/clojure_lsp/settings.clj", :fixed-arities #{2}, :from clojure-lsp.settings, :from-var get-refreshed-settings, :name with-legacy-linters-kondo-config, :name-col 10, :name-end-col 49, :name-end-row 73, :name-row 73, :row 73, :to clojure-lsp.config}
{:arity 2, :col 1, :context {}, :end-col 31, :end-row 75, :filename "lib/src/clojure_lsp/settings.clj", :fixed-arities #{1 2 3}, :from clojure-lsp.settings, :macro true, :name def, :name-col 2, :name-end-col 5, :name-end-row 75, :name-row 75, :row 75, :to clojure.core}
{:arity 2, :col 1, :context {}, :end-col 75, :end-row 78, :filename "lib/src/clojure_lsp/settings.clj", :fixed-arities #{1 2 3}, :from clojure-lsp.settings, :macro true, :name def, :name-col 2, :name-end-col 5, :name-end-row 77, :name-row 77, :row 77, :to clojure.core}
{:alias memoize, :arity 3, :col 3, :context {}, :end-col 74, :end-row 78, :filename "lib/src/clojure_lsp/settings.clj", :from clojure-lsp.settings, :from-var memoized-settings, :name ttl, :name-col 4, :name-end-col 15, :name-end-row 78, :name-row 78, :row 78, :to clojure.core.memoize}
{:col 16, :context {}, :end-col 38, :end-row 78, :filename "lib/src/clojure_lsp/settings.clj", :fixed-arities #{4}, :from clojure-lsp.settings, :from-var memoized-settings, :name get-refreshed-settings, :name-col 16, :name-end-col 38, :name-end-row 78, :name-row 78, :private true, :row 78, :to clojure-lsp.settings}
{:col 54, :context {}, :end-col 73, :end-row 78, :filename "lib/src/clojure_lsp/settings.clj", :from clojure-lsp.settings, :from-var memoized-settings, :name ttl-threshold-milis, :name-col 54, :name-end-col 73, :name-end-row 78, :name-row 78, :row 78, :to clojure-lsp.settings}
{:arity 4, :col 1, :context {}, :end-col 80, :end-row 87, :filename "lib/src/clojure_lsp/settings.clj", :from clojure-lsp.settings, :macro true, :name defn, :name-col 2, :name-end-col 6, :name-end-row 80, :name-row 80, :row 80, :to clojure.core, :varargs-min-arity 2}
{:arity 3, :col 3, :context {}, :end-col 79, :end-row 87, :filename "lib/src/clojure_lsp/settings.clj", :from clojure-lsp.settings, :from-var all, :name if, :name-col 4, :name-end-col 6, :name-end-row 84, :name-row 84, :row 84, :to clojure.core}
{:arity 2, :col 7, :context {}, :end-col 41, :end-row 85, :filename "lib/src/clojure_lsp/settings.clj", :fixed-arities #{0 1}, :from clojure-lsp.settings, :from-var all, :macro true, :name or, :name-col 8, :name-end-col 10, :name-end-row 84, :name-row 84, :row 84, :to clojure.core, :varargs-min-arity 1}
{:arity 1, :col 11, :context {}, :end-col 39, :end-row 84, :filename "lib/src/clojure_lsp/settings.clj", :fixed-arities #{1}, :from clojure-lsp.settings, :from-var all, :name not, :name-col 12, :name-end-col 15, :name-end-row 84, :name-row 84, :row 84, :to clojure.core}
{:arity 4, :col 5, :context {}, :end-col 83, :end-row 86, :filename "lib/src/clojure_lsp/settings.clj", :fixed-arities #{4}, :from clojure-lsp.settings, :from-var all, :name get-refreshed-settings, :name-col 6, :name-end-col 28, :name-end-row 86, :name-row 86, :private true, :row 86, :to clojure-lsp.settings}
{:arity 4, :col 5, :context {}, :end-col 78, :end-row 87, :filename "lib/src/clojure_lsp/settings.clj", :from clojure-lsp.settings, :from-var all, :name memoized-settings, :name-col 6, :name-end-col 23, :name-end-row 87, :name-row 87, :private true, :row 87, :to clojure-lsp.settings}
{:arity 3, :col 1, :context {}, :end-col 35, :end-row 93, :filename "lib/src/clojure_lsp/settings.clj", :from clojure-lsp.settings, :macro true, :name defn, :name-col 2, :name-end-col 6, :name-end-row 89, :name-row 89, :row 89, :to clojure.core, :varargs-min-arity 2}
{:arity 3, :col 4, :context {}, :end-col 20, :end-row 91, :filename "lib/src/clojure_lsp/settings.clj", :fixed-arities #{2 3}, :from clojure-lsp.settings, :from-var get, :name get, :name-col 5, :name-end-col 8, :name-end-row 91, :name-row 91, :row 91, :to clojure-lsp.settings}
{:arity 3, :col 4, :context {}, :end-col 33, :end-row 93, :filename "lib/src/clojure_lsp/settings.clj", :fixed-arities #{2 3}, :from clojure-lsp.settings, :from-var get, :name get-in, :name-col 5, :name-end-col 11, :name-end-row 93, :name-row 93, :row 93, :to clojure.core}
{:arity 1, :col 12, :context {}, :end-col 20, :end-row 93, :filename "lib/src/clojure_lsp/settings.clj", :fixed-arities #{1}, :from clojure-lsp.settings, :from-var get, :name all, :name-col 13, :name-end-col 16, :name-end-row 93, :name-row 93, :row 93, :to clojure-lsp.settings}
{:arity 3, :col 1, :context {}, :end-col 47, :end-row 100, :filename "lib/src/clojure_lsp/settings.clj", :from clojure-lsp.settings, :macro true, :name defn, :name-col 2, :name-end-col 6, :name-end-row 95, :name-row 95, :row 95, :to clojure.core, :varargs-min-arity 2}
{:arity 2, :col 3, :context {}, :end-col 46, :end-row 100, :filename "lib/src/clojure_lsp/settings.clj", :from clojure-lsp.settings, :from-var set-all, :macro true, :name let, :name-col 4, :name-end-col 7, :name-end-row 97, :name-row 97, :row 97, :to clojure.core, :varargs-min-arity 1}
{:arity 1, :col 12, :context {}, :end-col 23, :end-row 97, :filename "lib/src/clojure_lsp/settings.clj", :fixed-arities #{1 3}, :from clojure-lsp.settings, :from-var set-all, :name deref, :name-col 13, :name-end-col 18, :name-end-row 97, :name-row 97, :row 97, :to clojure.core}
{:alias shared, :arity 2, :col 22, :context {}, :end-col 63, :end-row 99, :filename "lib/src/clojure_lsp/settings.clj", :from clojure-lsp.settings, :from-var set-all, :name deep-merge, :name-col 23, :name-end-col 40, :name-end-row 99, :name-row 99, :row 99, :to clojure-lsp.shared}
{:arity 4, :col 5, :context {}, :end-col 45, :end-row 100, :filename "lib/src/clojure_lsp/settings.clj", :fixed-arities #{2 3 4}, :from clojure-lsp.settings, :from-var set-all, :name swap!, :name-col 6, :name-end-col 11, :name-end-row 100, :name-row 100, :row 100, :to clojure.core, :varargs-min-arity 4}
{:arity 3, :col 16, :context {}, :end-col 21, :end-row 100, :filename "lib/src/clojure_lsp/settings.clj", :fixed-arities #{3}, :from clojure-lsp.settings, :from-var set-all, :name assoc, :row 100, :to clojure.core, :varargs-min-arity 3}
{:col 16, :context {}, :end-col 21, :end-row 100, :filename "lib/src/clojure_lsp/settings.clj", :fixed-arities #{3}, :from clojure-lsp.settings, :from-var set-all, :name assoc, :name-col 16, :name-end-col 21, :name-end-row 100, :name-row 100, :row 100, :to clojure.core, :varargs-min-arity 3}
{:arity 1, :context {}, :filename "lib/src/clojure_lsp/source_paths.clj", :fixed-arities #{1}, :from clojure-lsp.source-paths, :from-var extract-local-roots, :name some?, :to clojure.core}
{:arity 2, :context {}, :filename "lib/src/clojure_lsp/source_paths.clj", :from clojure-lsp.source-paths, :from-var extract-local-roots, :macro true, :name let, :to clojure.core, :varargs-min-arity 1}
{:arity 2, :context {}, :filename "lib/src/clojure_lsp/source_paths.clj", :from clojure-lsp.source-paths, :from-var extract-local-roots, :macro true, :name when, :to clojure.core, :varargs-min-arity 1}
{:arity 3, :context {}, :filename "lib/src/clojure_lsp/source_paths.clj", :from clojure-lsp.source-paths, :from-var extract-local-roots, :macro true, :name ->, :to clojure.core, :varargs-min-arity 1}
{:arity 2, :col 1, :context {}, :end-col 33, :end-row 11, :filename "lib/src/clojure_lsp/source_paths.clj", :fixed-arities #{2}, :from clojure-lsp.source-paths, :macro true, :name set!, :name-col 2, :name-end-col 6, :name-end-row 11, :name-row 11, :row 11, :to clojure.core}
{:col 7, :context {}, :end-col 27, :end-row 11, :filename "lib/src/clojure_lsp/source_paths.clj", :from clojure-lsp.source-paths, :name *warn-on-reflection*, :name-col 7, :name-end-col 27, :name-end-row 11, :name-row 11, :row 11, :to clojure.core}
{:arity 2, :col 1, :context {}, :end-col 29, :end-row 13, :filename "lib/src/clojure_lsp/source_paths.clj", :fixed-arities #{1 2 3}, :from clojure-lsp.source-paths, :macro true, :name def, :name-col 2, :name-end-col 5, :name-end-row 13, :name-row 13, :row 13, :to clojure.core}
{:arity 2, :col 1, :context {}, :end-col 43, :end-row 15, :filename "lib/src/clojure_lsp/source_paths.clj", :fixed-arities #{1 2 3}, :from clojure-lsp.source-paths, :macro true, :name def, :name-col 2, :name-end-col 5, :name-end-row 15, :name-row 15, :row 15, :to clojure.core}
{:arity 2, :col 1, :context {}, :end-col 43, :end-row 16, :filename "lib/src/clojure_lsp/source_paths.clj", :fixed-arities #{1 2 3}, :from clojure-lsp.source-paths, :macro true, :name def, :name-col 2, :name-end-col 5, :name-end-row 16, :name-row 16, :row 16, :to clojure.core}
{:arity 3, :col 1, :context {}, :end-col 26, :end-row 22, :filename "lib/src/clojure_lsp/source_paths.clj", :from clojure-lsp.source-paths, :macro true, :name defn, :name-col 2, :name-end-col 6, :name-end-row 18, :name-row 18, :row 18, :to clojure.core, :varargs-min-arity 2}
{:arity 2, :col 3, :context {}, :end-col 25, :end-row 22, :filename "lib/src/clojure_lsp/source_paths.clj", :from clojure-lsp.source-paths, :from-var extract-local-roots, :macro true, :name when, :name-col 4, :name-end-col 8, :name-end-row 19, :name-row 19, :row 19, :to clojure.core, :varargs-min-arity 1}
{:arity 1, :col 9, :context {}, :end-col 20, :end-row 19, :filename "lib/src/clojure_lsp/source_paths.clj", :fixed-arities #{1}, :from clojure-lsp.source-paths, :from-var extract-local-roots, :name map?, :name-col 10, :name-end-col 14, :name-end-row 19, :name-row 19, :row 19, :to clojure.core}
{:arity 3, :col 5, :context {}, :end-col 24, :end-row 22, :filename "lib/src/clojure_lsp/source_paths.clj", :from clojure-lsp.source-paths, :from-var extract-local-roots, :macro true, :name ->>, :name-col 6, :name-end-col 9, :name-end-row 20, :name-row 20, :row 20, :to clojure.core, :varargs-min-arity 1}
{:arity 1, :col 10, :context {}, :end-col 20, :end-row 20, :filename "lib/src/clojure_lsp/source_paths.clj", :fixed-arities #{1}, :from clojure-lsp.source-paths, :from-var extract-local-roots, :name vec, :name-col 11, :name-end-col 14, :name-end-row 20, :name-row 20, :row 20, :to clojure.core}
{:arity 2, :col 10, :context {}, :end-col 46, :end-row 21, :filename "lib/src/clojure_lsp/source_paths.clj", :fixed-arities #{1 2 3 4}, :from clojure-lsp.source-paths, :from-var extract-local-roots, :name map, :name-col 11, :name-end-col 14, :name-end-row 21, :name-row 21, :row 21, :to clojure.core, :varargs-min-arity 4}
{:arity 2, :col 15, :context {}, :end-col 45, :end-row 21, :filename "lib/src/clojure_lsp/source_paths.clj", :from clojure-lsp.source-paths, :from-var extract-local-roots, :name fn*, :row 21, :to clojure.core}
{:arity 3, :col 16, :context {}, :end-col 45, :end-row 21, :filename "lib/src/clojure_lsp/source_paths.clj", :from clojure-lsp.source-paths, :from-var extract-local-roots, :macro true, :name some->, :name-col 17, :name-end-col 23, :name-end-row 21, :name-row 21, :row 21, :to clojure.core, :varargs-min-arity 1}
{:arity 1, :col 26, :context {}, :end-col 32, :end-row 21, :filename "lib/src/clojure_lsp/source_paths.clj", :fixed-arities #{1}, :from clojure-lsp.source-paths, :from-var extract-local-roots, :name second, :name-col 26, :name-end-col 32, :name-end-row 21, :name-row 21, :row 21, :to clojure.core}
{:arity 2, :col 10, :context {}, :end-col 23, :end-row 22, :filename "lib/src/clojure_lsp/source_paths.clj", :fixed-arities #{1 2}, :from clojure-lsp.source-paths, :from-var extract-local-roots, :name remove, :name-col 11, :name-end-col 17, :name-end-row 22, :name-row 22, :row 22, :to clojure.core}
{:arity 1, :col 18, :context {}, :end-col 22, :end-row 22, :filename "lib/src/clojure_lsp/source_paths.clj", :fixed-arities #{1}, :from clojure-lsp.source-paths, :from-var extract-local-roots, :name nil?, :row 22, :to clojure.core}
{:col 18, :context {}, :end-col 22, :end-row 22, :filename "lib/src/clojure_lsp/source_paths.clj", :fixed-arities #{1}, :from clojure-lsp.source-paths, :from-var extract-local-roots, :name nil?, :name-col 18, :name-end-col 22, :name-end-row 22, :name-row 22, :row 22, :to clojure.core}
{:arity 3, :col 1, :context {}, :end-col 72, :end-row 27, :filename "lib/src/clojure_lsp/source_paths.clj", :from clojure-lsp.source-paths, :macro true, :name defn, :name-col 2, :name-end-col 6, :name-end-row 24, :name-row 24, :row 24, :to clojure.core, :varargs-min-arity 2}
{:arity 3, :col 3, :context {}, :end-col 71, :end-row 27, :filename "lib/src/clojure_lsp/source_paths.clj", :from clojure-lsp.source-paths, :from-var relative-to-deps-file, :name if, :name-col 4, :name-end-col 6, :name-end-row 25, :name-row 25, :row 25, :to clojure.core}
{:arity 2, :col 7, :context {}, :end-col 35, :end-row 25, :filename "lib/src/clojure_lsp/source_paths.clj", :from clojure-lsp.source-paths, :from-var relative-to-deps-file, :name ., :row 25, :to clojure.core}
{:alias io, :arity 1, :col 20, :context {}, :end-col 34, :end-row 25, :filename "lib/src/clojure_lsp/source_paths.clj", :fixed-arities #{1 2}, :from clojure-lsp.source-paths, :from-var relative-to-deps-file, :name file, :name-col 21, :name-end-col 28, :name-end-row 25, :name-row 25, :row 25, :to clojure.java.io, :varargs-min-arity 2}
{:alias shared, :arity 1, :col 5, :context {}, :end-col 70, :end-row 27, :filename "lib/src/clojure_lsp/source_paths.clj", :from clojure-lsp.source-paths, :from-var relative-to-deps-file, :name normalize-file, :name-col 6, :name-end-col 27, :name-end-row 27, :name-row 27, :row 27, :to clojure-lsp.shared}
{:alias io, :arity 2, :col 28, :context {}, :end-col 69, :end-row 27, :filename "lib/src/clojure_lsp/source_paths.clj", :fixed-arities #{1 2}, :from clojure-lsp.source-paths, :from-var relative-to-deps-file, :name file, :name-col 29, :name-end-col 36, :name-end-row 27, :name-row 27, :row 27, :to clojure.java.io, :varargs-min-arity 2}
{:arity 2, :col 37, :context {}, :end-col 63, :end-row 27, :filename "lib/src/clojure_lsp/source_paths.clj", :from clojure-lsp.source-paths, :from-var relative-to-deps-file, :name ., :row 27, :to clojure.core}
{:arity 3, :col 1, :context {}, :end-col 26, :end-row 42, :filename "lib/src/clojure_lsp/source_paths.clj", :from clojure-lsp.source-paths, :macro true, :name defn, :name-col 2, :name-end-col 6, :name-end-row 29, :name-row 29, :row 29, :to clojure.core, :varargs-min-arity 2}
{:arity 2, :col 3, :context {}, :end-col 25, :end-row 42, :filename "lib/src/clojure_lsp/source_paths.clj", :from clojure-lsp.source-paths, :from-var deps-file->local-roots, :macro true, :name let, :name-col 4, :name-end-col 7, :name-end-row 31, :name-row 31, :row 31, :to clojure.core, :varargs-min-arity 1}
{:alias config, :arity 1, :col 43, :context {}, :end-col 75, :end-row 31, :filename "lib/src/clojure_lsp/source_paths.clj", :fixed-arities #{1}, :from clojure-lsp.source-paths, :from-var deps-file->local-roots, :name read-edn-file, :name-col 44, :name-end-col 64, :name-end-row 31, :name-row 31, :row 31, :to clojure-lsp.config}
{:arity 2, :col 24, :context {}, :end-col 78, :end-row 32, :filename "lib/src/clojure_lsp/source_paths.clj", :fixed-arities #{0 1}, :from clojure-lsp.source-paths, :from-var deps-file->local-roots, :macro true, :name or, :name-col 25, :name-end-col 27, :name-end-row 32, :name-row 32, :row 32, :to clojure.core, :varargs-min-arity 1}
{:col 55, :context {}, :end-col 77, :end-row 32, :filename "lib/src/clojure_lsp/source_paths.clj", :from clojure-lsp.source-paths, :from-var deps-file->local-roots, :name default-source-aliases, :name-col 55, :name-end-col 77, :name-end-row 32, :name-row 32, :row 32, :to clojure-lsp.source-paths}
{:arity 1, :col 26, :context {}, :end-col 52, :end-row 33, :filename "lib/src/clojure_lsp/source_paths.clj", :fixed-arities #{1}, :from clojure-lsp.source-paths, :from-var deps-file->local-roots, :name extract-local-roots, :name-col 27, :name-end-col 46, :name-end-row 33, :name-row 33, :private true, :row 33, :to clojure-lsp.source-paths}
{:arity 1, :col 32, :context {}, :end-col 64, :end-row 34, :filename "lib/src/clojure_lsp/source_paths.clj", :fixed-arities #{1}, :from clojure-lsp.source-paths, :from-var deps-file->local-roots, :name extract-local-roots, :name-col 33, :name-end-col 52, :name-end-row 34, :name-row 34, :private true, :row 34, :to clojure-lsp.source-paths}
{:arity 6, :col 5, :context {}, :end-col 24, :end-row 42, :filename "lib/src/clojure_lsp/source_paths.clj", :from clojure-lsp.source-paths, :from-var deps-file->local-roots, :macro true, :name ->>, :name-col 6, :name-end-col 9, :name-end-row 35, :name-row 35, :row 35, :to clojure.core, :varargs-min-arity 1}
{:arity 2, :col 10, :context {}, :end-col 36, :end-row 36, :filename "lib/src/clojure_lsp/source_paths.clj", :fixed-arities #{1 2 3 4}, :from clojure-lsp.source-paths, :from-var deps-file->local-roots, :name map, :name-col 11, :name-end-col 14, :name-end-row 36, :name-row 36, :row 36, :to clojure.core, :varargs-min-arity 4}
{:arity 2, :col 15, :context {}, :end-col 35, :end-row 36, :filename "lib/src/clojure_lsp/source_paths.clj", :from clojure-lsp.source-paths, :from-var deps-file->local-roots, :name fn*, :row 36, :to clojure.core}
{:arity 3, :col 16, :context {}, :end-col 35, :end-row 36, :filename "lib/src/clojure_lsp/source_paths.clj", :fixed-arities #{2 3}, :from clojure-lsp.source-paths, :from-var deps-file->local-roots, :name get, :name-col 17, :name-end-col 20, :name-end-row 36, :name-row 36, :row 36, :to clojure.core}
{:arity 2, :col 10, :context {}, :end-col 63, :end-row 39, :filename "lib/src/clojure_lsp/source_paths.clj", :fixed-arities #{1}, :from clojure-lsp.source-paths, :from-var deps-file->local-roots, :name mapcat, :name-col 11, :name-end-col 17, :name-end-row 37, :name-row 37, :row 37, :to clojure.core, :varargs-min-arity 1}
{:arity 2, :col 18, :context {}, :end-col 62, :end-row 39, :filename "lib/src/clojure_lsp/source_paths.clj", :from clojure-lsp.source-paths, :from-var deps-file->local-roots, :macro true, :name fn, :name-col 19, :name-end-col 21, :name-end-row 37, :name-row 37, :row 37, :to clojure.core, :varargs-min-arity 0}
{:arity 2, :col 20, :context {}, :end-col 61, :end-row 39, :filename "lib/src/clojure_lsp/source_paths.clj", :fixed-arities #{0 1 2}, :from clojure-lsp.source-paths, :from-var deps-file->local-roots, :name concat, :name-col 21, :name-end-col 27, :name-end-row 38, :name-row 38, :row 38, :to clojure.core, :varargs-min-arity 2}
{:arity 1, :col 28, :context {}, :end-col 54, :end-row 38, :filename "lib/src/clojure_lsp/source_paths.clj", :fixed-arities #{1}, :from clojure-lsp.source-paths, :from-var deps-file->local-roots, :name extract-local-roots, :name-col 29, :name-end-col 48, :name-end-row 38, :name-row 38, :private true, :row 38, :to clojure-lsp.source-paths}
{:arity 1, :col 28, :context {}, :end-col 60, :end-row 39, :filename "lib/src/clojure_lsp/source_paths.clj", :fixed-arities #{1}, :from clojure-lsp.source-paths, :from-var deps-file->local-roots, :name extract-local-roots, :name-col 29, :name-end-col 48, :name-end-row 39, :name-row 39, :private true, :row 39, :to clojure-lsp.source-paths}
{:arity 3, :col 10, :context {}, :end-col 58, :end-row 40, :filename "lib/src/clojure_lsp/source_paths.clj", :fixed-arities #{0 1 2}, :from clojure-lsp.source-paths, :from-var deps-file->local-roots, :name concat, :name-col 11, :name-end-col 17, :name-end-row 40, :name-row 40, :row 40, :to clojure.core, :varargs-min-arity 2}
{:arity 2, :col 10, :context {}, :end-col 52, :end-row 41, :filename "lib/src/clojure_lsp/source_paths.clj", :fixed-arities #{1 2 3 4}, :from clojure-lsp.source-paths, :from-var deps-file->local-roots, :name map, :name-col 11, :name-end-col 14, :name-end-row 41, :name-row 41, :row 41, :to clojure.core, :varargs-min-arity 4}
{:arity 2, :col 15, :context {}, :end-col 51, :end-row 41, :filename "lib/src/clojure_lsp/source_paths.clj", :from clojure-lsp.source-paths, :from-var deps-file->local-roots, :name fn*, :row 41, :to clojure.core}
{:arity 2, :col 16, :context {}, :end-col 51, :end-row 41, :filename "lib/src/clojure_lsp/source_paths.clj", :fixed-arities #{2}, :from clojure-lsp.source-paths, :from-var deps-file->local-roots, :name relative-to-deps-file, :name-col 17, :name-end-col 38, :name-end-row 41, :name-row 41, :private true, :row 41, :to clojure-lsp.source-paths}
{:arity 2, :col 10, :context {}, :end-col 23, :end-row 42, :filename "lib/src/clojure_lsp/source_paths.clj", :fixed-arities #{1 2}, :from clojure-lsp.source-paths, :from-var deps-file->local-roots, :name remove, :name-col 11, :name-end-col 17, :name-end-row 42, :name-row 42, :row 42, :to clojure.core}
{:arity 1, :col 18, :context {}, :end-col 22, :end-row 42, :filename "lib/src/clojure_lsp/source_paths.clj", :fixed-arities #{1}, :from clojure-lsp.source-paths, :from-var deps-file->local-roots, :name nil?, :row 42, :to clojure.core}
{:col 18, :context {}, :end-col 22, :end-row 42, :filename "lib/src/clojure_lsp/source_paths.clj", :fixed-arities #{1}, :from clojure-lsp.source-paths, :from-var deps-file->local-roots, :name nil?, :name-col 18, :name-end-col 22, :name-end-row 42, :name-row 42, :row 42, :to clojure.core}
{:arity 3, :col 1, :context {}, :end-col 41, :end-row 62, :filename "lib/src/clojure_lsp/source_paths.clj", :from clojure-lsp.source-paths, :macro true, :name defn, :name-col 2, :name-end-col 6, :name-end-row 44, :name-row 44, :row 44, :to clojure.core, :varargs-min-arity 2}
{:arity 2, :col 3, :context {}, :end-col 40, :end-row 62, :filename "lib/src/clojure_lsp/source_paths.clj", :from clojure-lsp.source-paths, :from-var classpath->source-paths, :macro true, :name let, :name-col 4, :name-end-col 7, :name-end-row 48, :name-row 48, :row 48, :to clojure.core, :varargs-min-arity 1}
{:alias fs, :arity 1, :col 19, :context {}, :end-col 46, :end-row 48, :filename "lib/src/clojure_lsp/source_paths.clj", :from clojure-lsp.source-paths, :from-var classpath->source-paths, :name canonicalize, :name-col 20, :name-end-col 35, :name-end-row 48, :name-row 48, :row 48, :to babashka.fs}
{:arity 5, :col 22, :context {}, :end-col 38, :end-row 58, :filename "lib/src/clojure_lsp/source_paths.clj", :from clojure-lsp.source-paths, :from-var classpath->source-paths, :macro true, :name ->>, :name-col 23, :name-end-col 26, :name-end-row 49, :name-row 49, :row 49, :to clojure.core, :varargs-min-arity 1}
{:arity 2, :col 27, :context {}, :end-col 52, :end-row 50, :filename "lib/src/clojure_lsp/source_paths.clj", :fixed-arities #{1 2}, :from clojure-lsp.source-paths, :from-var classpath->source-paths, :name remove, :name-col 28, :name-end-col 34, :name-end-row 50, :name-row 50, :row 50, :to clojure.core}
{:alias shared, :arity 1, :col 35, :context {}, :end-col 51, :end-row 50, :filename "lib/src/clojure_lsp/source_paths.clj", :from clojure-lsp.source-paths, :from-var classpath->source-paths, :name jar-file?, :row 50, :to clojure-lsp.shared}
{:alias shared, :col 35, :context {}, :end-col 51, :end-row 50, :filename "lib/src/clojure_lsp/source_paths.clj", :from clojure-lsp.source-paths, :from-var classpath->source-paths, :name jar-file?, :name-col 35, :name-end-col 51, :name-end-row 50, :name-row 50, :row 50, :to clojure-lsp.shared}
{:arity 2, :col 27, :context {}, :end-col 61, :end-row 55, :filename "lib/src/clojure_lsp/source_paths.clj", :fixed-arities #{1 2 3 4}, :from clojure-lsp.source-paths, :from-var classpath->source-paths, :name map, :name-col 28, :name-end-col 31, :name-end-row 51, :name-row 51, :row 51, :to clojure.core, :varargs-min-arity 4}
{:arity 2, :col 32, :context {}, :end-col 60, :end-row 55, :filename "lib/src/clojure_lsp/source_paths.clj", :from clojure-lsp.source-paths, :from-var classpath->source-paths, :macro true, :name fn, :name-col 33, :name-end-col 35, :name-end-row 51, :name-row 51, :row 51, :to clojure.core, :varargs-min-arity 0}
{:arity 2, :col 34, :context {}, :end-col 59, :end-row 55, :filename "lib/src/clojure_lsp/source_paths.clj", :from clojure-lsp.source-paths, :from-var classpath->source-paths, :macro true, :name let, :name-col 35, :name-end-col 38, :name-end-row 52, :name-row 52, :row 52, :to clojure.core, :varargs-min-arity 1}
{:arity 3, :col 45, :context {}, :end-col 72, :end-row 54, :filename "lib/src/clojure_lsp/source_paths.clj", :from clojure-lsp.source-paths, :from-var classpath->source-paths, :name if, :name-col 46, :name-end-col 48, :name-end-row 52, :name-row 52, :row 52, :to clojure.core}
{:alias shared, :arity 1, :col 49, :context {}, :end-col 77, :end-row 52, :filename "lib/src/clojure_lsp/source_paths.clj", :from clojure-lsp.source-paths, :from-var classpath->source-paths, :name absolute-path?, :name-col 50, :name-end-col 71, :name-end-row 52, :name-row 52, :row 52, :to clojure-lsp.shared}
{:alias fs, :arity 1, :col 47, :context {}, :end-col 61, :end-row 53, :filename "lib/src/clojure_lsp/source_paths.clj", :from clojure-lsp.source-paths, :from-var classpath->source-paths, :name path, :name-col 48, :name-end-col 55, :name-end-row 53, :name-row 53, :row 53, :to babashka.fs}
{:alias fs, :arity 2, :col 47, :context {}, :end-col 71, :end-row 54, :filename "lib/src/clojure_lsp/source_paths.clj", :from clojure-lsp.source-paths, :from-var classpath->source-paths, :name path, :name-col 48, :name-end-col 55, :name-end-row 54, :name-row 54, :row 54, :to babashka.fs}
{:alias fs, :arity 1, :col 36, :context {}, :end-col 58, :end-row 55, :filename "lib/src/clojure_lsp/source_paths.clj", :from clojure-lsp.source-paths, :from-var classpath->source-paths, :name canonicalize, :name-col 37, :name-end-col 52, :name-end-row 55, :name-row 55, :row 55, :to babashka.fs}
{:arity 2, :col 27, :context {}, :end-col 67, :end-row 57, :filename "lib/src/clojure_lsp/source_paths.clj", :fixed-arities #{1 2}, :from clojure-lsp.source-paths, :from-var classpath->source-paths, :name filter, :name-col 28, :name-end-col 34, :name-end-row 56, :name-row 56, :row 56, :to clojure.core}
{:arity 2, :col 35, :context {}, :end-col 66, :end-row 57, :filename "lib/src/clojure_lsp/source_paths.clj", :from clojure-lsp.source-paths, :from-var classpath->source-paths, :macro true, :name fn, :name-col 36, :name-end-col 38, :name-end-row 56, :name-row 56, :row 56, :to clojure.core, :varargs-min-arity 0}
{:arity 3, :col 37, :context {}, :end-col 65, :end-row 57, :filename "lib/src/clojure_lsp/source_paths.clj", :from clojure-lsp.source-paths, :from-var classpath->source-paths, :name ., :row 57, :to clojure.core}
{:arity 2, :col 27, :context {}, :end-col 37, :end-row 58, :filename "lib/src/clojure_lsp/source_paths.clj", :fixed-arities #{2 3 4}, :from clojure-lsp.source-paths, :from-var classpath->source-paths, :name mapv, :name-col 28, :name-end-col 32, :name-end-row 58, :name-row 58, :row 58, :to clojure.core, :varargs-min-arity 4}
{:arity 1, :col 33, :context {}, :end-col 36, :end-row 58, :filename "lib/src/clojure_lsp/source_paths.clj", :fixed-arities #{0 1}, :from clojure-lsp.source-paths, :from-var classpath->source-paths, :name str, :row 58, :to clojure.core, :varargs-min-arity 1}
{:col 33, :context {}, :end-col 36, :end-row 58, :filename "lib/src/clojure_lsp/source_paths.clj", :fixed-arities #{0 1}, :from clojure-lsp.source-paths, :from-var classpath->source-paths, :name str, :name-col 33, :name-end-col 36, :name-end-row 58, :name-row 58, :row 58, :to clojure.core, :varargs-min-arity 1}
{:arity 2, :col 5, :context {}, :end-col 39, :end-row 62, :filename "lib/src/clojure_lsp/source_paths.clj", :from clojure-lsp.source-paths, :from-var classpath->source-paths, :macro true, :name when, :name-col 6, :name-end-col 10, :name-end-row 59, :name-row 59, :row 59, :to clojure.core, :varargs-min-arity 1}
{:arity 1, :col 11, :context {}, :end-col 29, :end-row 59, :filename "lib/src/clojure_lsp/source_paths.clj", :fixed-arities #{1}, :from clojure-lsp.source-paths, :from-var classpath->source-paths, :name seq, :name-col 12, :name-end-col 15, :name-end-row 59, :name-row 59, :row 59, :to clojure.core}
{:arity 3, :col 1, :context {}, :end-col 34, :end-row 70, :filename "lib/src/clojure_lsp/source_paths.clj", :from clojure-lsp.source-paths, :macro true, :name defn, :name-col 2, :name-end-col 6, :name-end-row 64, :name-row 64, :row 64, :to clojure.core, :varargs-min-arity 2}
{:arity 3, :col 3, :context {}, :end-col 33, :end-row 70, :filename "lib/src/clojure_lsp/source_paths.clj", :from clojure-lsp.source-paths, :from-var resolve-source-paths, :name if, :name-col 4, :name-end-col 6, :name-end-row 65, :name-row 65, :row 65, :to clojure.core}
{:arity 2, :col 5, :context {}, :end-col 32, :end-row 70, :filename "lib/src/clojure_lsp/source_paths.clj", :fixed-arities #{0 1}, :from clojure-lsp.source-paths, :from-var resolve-source-paths, :macro true, :name or, :name-col 6, :name-end-col 8, :name-end-row 68, :name-row 68, :row 68, :to clojure.core, :varargs-min-arity 1}
{:arity 2, :col 9, :context {}, :end-col 54, :end-row 68, :filename "lib/src/clojure_lsp/source_paths.clj", :fixed-arities #{2}, :from clojure-lsp.source-paths, :from-var resolve-source-paths, :name classpath->source-paths, :name-col 10, :name-end-col 33, :name-end-row 68, :name-row 68, :private true, :row 68, :to clojure-lsp.source-paths}
{:col 24, :context {}, :end-col 44, :end-row 69, :filename "lib/src/clojure_lsp/source_paths.clj", :from clojure-lsp.source-paths, :from-var resolve-source-paths, :name default-source-paths, :name-col 24, :name-end-col 44, :name-end-row 69, :name-row 69, :row 69, :to clojure-lsp.source-paths}
{:arity 3, :col 1, :context {}, :end-col 74, :end-row 78, :filename "lib/src/clojure_lsp/source_paths.clj", :from clojure-lsp.source-paths, :macro true, :name defn, :name-col 2, :name-end-col 6, :name-end-row 72, :name-row 72, :row 72, :to clojure.core, :varargs-min-arity 2}
{:arity 4, :col 3, :context {}, :end-col 73, :end-row 78, :filename "lib/src/clojure_lsp/source_paths.clj", :from clojure-lsp.source-paths, :from-var absolutize-source-paths, :macro true, :name ->>, :name-col 4, :name-end-col 7, :name-end-row 73, :name-row 73, :row 73, :to clojure.core, :varargs-min-arity 1}
{:arity 1, :col 8, :context {}, :end-col 11, :end-row 74, :filename "lib/src/clojure_lsp/source_paths.clj", :fixed-arities #{1}, :from clojure-lsp.source-paths, :from-var absolutize-source-paths, :name set, :name-col 8, :name-end-col 11, :name-end-row 74, :name-row 74, :row 74, :to clojure.core}
{:arity 2, :col 8, :context {}, :end-col 105, :end-row 77, :filename "lib/src/clojure_lsp/source_paths.clj", :fixed-arities #{1 2}, :from clojure-lsp.source-paths, :from-var absolutize-source-paths, :name remove, :name-col 9, :name-end-col 15, :name-end-row 75, :name-row 75, :row 75, :to clojure.core}
{:arity 2, :col 16, :context {}, :end-col 104, :end-row 77, :filename "lib/src/clojure_lsp/source_paths.clj", :from clojure-lsp.source-paths, :from-var absolutize-source-paths, :macro true, :name fn, :name-col 17, :name-end-col 19, :name-end-row 75, :name-row 75, :row 75, :to clojure.core, :varargs-min-arity 0}
{:arity 2, :col 18, :context {}, :end-col 103, :end-row 77, :filename "lib/src/clojure_lsp/source_paths.clj", :from clojure-lsp.source-paths, :from-var absolutize-source-paths, :macro true, :name let, :name-col 19, :name-end-col 22, :name-end-row 76, :name-row 76, :row 76, :to clojure.core, :varargs-min-arity 1}
{:alias shared, :arity 2, :col 45, :context {}, :end-col 101, :end-row 76, :filename "lib/src/clojure_lsp/source_paths.clj", :from clojure-lsp.source-paths, :from-var absolutize-source-paths, :name relativize-filepath, :name-col 46, :name-end-col 72, :name-end-row 76, :name-row 76, :row 76, :to clojure-lsp.shared}
{:arity 1, :col 85, :context {}, :end-col 100, :end-row 76, :filename "lib/src/clojure_lsp/source_paths.clj", :fixed-arities #{0 1}, :from clojure-lsp.source-paths, :from-var absolutize-source-paths, :name str, :name-col 86, :name-end-col 89, :name-end-row 76, :name-row 76, :row 76, :to clojure.core, :varargs-min-arity 1}
{:arity 2, :col 20, :context {}, :end-col 102, :end-row 77, :filename "lib/src/clojure_lsp/source_paths.clj", :fixed-arities #{2}, :from clojure-lsp.source-paths, :from-var absolutize-source-paths, :name some, :name-col 21, :name-end-col 25, :name-end-row 77, :name-row 77, :row 77, :to clojure.core}
{:arity 2, :col 26, :context {}, :end-col 75, :end-row 77, :filename "lib/src/clojure_lsp/source_paths.clj", :from clojure-lsp.source-paths, :from-var absolutize-source-paths, :name fn*, :row 77, :to clojure.core}
{:arity 2, :col 27, :context {}, :end-col 75, :end-row 77, :filename "lib/src/clojure_lsp/source_paths.clj", :fixed-arities #{2}, :from clojure-lsp.source-paths, :from-var absolutize-source-paths, :name re-matches, :name-col 28, :name-end-col 38, :name-end-row 77, :name-row 77, :row 77, :to clojure.core}
{:arity 1, :col 39, :context {}, :end-col 53, :end-row 77, :filename "lib/src/clojure_lsp/source_paths.clj", :fixed-arities #{1}, :from clojure-lsp.source-paths, :from-var absolutize-source-paths, :name re-pattern, :name-col 40, :name-end-col 50, :name-end-row 77, :name-row 77, :row 77, :to clojure.core}
{:arity 2, :col 8, :context {}, :end-col 72, :end-row 78, :filename "lib/src/clojure_lsp/source_paths.clj", :fixed-arities #{2 3 4}, :from clojure-lsp.source-paths, :from-var absolutize-source-paths, :name mapv, :name-col 9, :name-end-col 13, :name-end-row 78, :name-row 78, :row 78, :to clojure.core, :varargs-min-arity 4}
{:arity 2, :col 14, :context {}, :end-col 71, :end-row 78, :filename "lib/src/clojure_lsp/source_paths.clj", :from clojure-lsp.source-paths, :from-var absolutize-source-paths, :name fn*, :row 78, :to clojure.core}
{:arity 4, :col 15, :context {}, :end-col 71, :end-row 78, :filename "lib/src/clojure_lsp/source_paths.clj", :from clojure-lsp.source-paths, :from-var absolutize-source-paths, :macro true, :name ->>, :name-col 16, :name-end-col 19, :name-end-row 78, :name-row 78, :row 78, :to clojure.core, :varargs-min-arity 1}
{:alias shared, :arity 2, :col 22, :context {}, :end-col 48, :end-row 78, :filename "lib/src/clojure_lsp/source_paths.clj", :from clojure-lsp.source-paths, :from-var absolutize-source-paths, :name to-file, :name-col 23, :name-end-col 37, :name-end-row 78, :name-row 78, :row 78, :to clojure-lsp.shared}
{:arity 2, :col 49, :context {}, :end-col 66, :end-row 78, :filename "lib/src/clojure_lsp/source_paths.clj", :from clojure-lsp.source-paths, :from-var absolutize-source-paths, :name ., :row 78, :to clojure.core}
{:arity 1, :col 67, :context {}, :end-col 70, :end-row 78, :filename "lib/src/clojure_lsp/source_paths.clj", :fixed-arities #{0 1}, :from clojure-lsp.source-paths, :from-var absolutize-source-paths, :name str, :name-col 67, :name-end-col 70, :name-end-row 78, :name-row 78, :row 78, :to clojure.core, :varargs-min-arity 1}
{:arity 3, :col 1, :context {}, :end-col 25, :end-row 87, :filename "lib/src/clojure_lsp/source_paths.clj", :from clojure-lsp.source-paths, :macro true, :name defn, :name-col 2, :name-end-col 6, :name-end-row 80, :name-row 80, :row 80, :to clojure.core, :varargs-min-arity 2}
{:arity 5, :col 3, :context {}, :end-col 24, :end-row 87, :filename "lib/src/clojure_lsp/source_paths.clj", :from clojure-lsp.source-paths, :from-var process-source-paths, :macro true, :name let, :name-col 4, :name-end-col 7, :name-end-row 81, :name-row 81, :row 81, :to clojure.core, :varargs-min-arity 1}
{:arity 3, :col 35, :context {}, :end-col 117, :end-row 81, :filename "lib/src/clojure_lsp/source_paths.clj", :fixed-arities #{2 3}, :from clojure-lsp.source-paths, :from-var process-source-paths, :name get, :name-col 36, :name-end-col 39, :name-end-row 81, :name-row 81, :row 81, :to clojure.core}
{:alias config, :col 76, :context {}, :end-col 116, :end-row 81, :filename "lib/src/clojure_lsp/source_paths.clj", :from clojure-lsp.source-paths, :from-var process-source-paths, :name default-source-path-ignore-regexs, :name-col 76, :name-end-col 116, :name-end-row 81, :name-row 81, :row 81, :to clojure-lsp.config}
{:arity 3, :col 40, :context {}, :end-col 101, :end-row 82, :filename "lib/src/clojure_lsp/source_paths.clj", :fixed-arities #{3}, :from clojure-lsp.source-paths, :from-var process-source-paths, :name resolve-source-paths, :name-col 41, :name-end-col 61, :name-end-row 82, :name-row 82, :private true, :row 82, :to clojure-lsp.source-paths}
{:arity 3, :col 28, :context {}, :end-col 102, :end-row 83, :filename "lib/src/clojure_lsp/source_paths.clj", :fixed-arities #{3}, :from clojure-lsp.source-paths, :from-var process-source-paths, :name absolutize-source-paths, :name-col 29, :name-end-col 52, :name-end-row 83, :name-row 83, :private true, :row 83, :to clojure-lsp.source-paths}
{:arity 2, :col 5, :context {}, :end-col 113, :end-row 84, :filename "lib/src/clojure_lsp/source_paths.clj", :from clojure-lsp.source-paths, :from-var process-source-paths, :macro true, :name when, :name-col 6, :name-end-col 10, :name-end-row 84, :name-row 84, :row 84, :to clojure.core, :varargs-min-arity 1}
{:arity 2, :col 11, :context {}, :end-col 40, :end-row 84, :filename "lib/src/clojure_lsp/source_paths.clj", :fixed-arities #{2}, :from clojure-lsp.source-paths, :from-var process-source-paths, :name contains?, :name-col 12, :name-end-col 21, :name-end-row 84, :name-row 84, :row 84, :to clojure.core}
{:alias logger, :arity 3, :col 41, :context {}, :end-col 112, :end-row 84, :filename "lib/src/clojure_lsp/source_paths.clj", :from clojure-lsp.source-paths, :from-var process-source-paths, :macro true, :name info, :name-col 42, :name-end-col 53, :name-end-row 84, :name-row 84, :row 84, :to clojure-lsp.logger, :varargs-min-arity 0}
{:col 54, :context {}, :end-col 64, :end-row 84, :filename "lib/src/clojure_lsp/source_paths.clj", :from clojure-lsp.source-paths, :from-var process-source-paths, :name logger-tag, :name-col 54, :name-end-col 64, :name-end-row 84, :name-row 84, :row 84, :to clojure-lsp.source-paths}
{:arity 2, :col 5, :context {}, :end-col 123, :end-row 85, :filename "lib/src/clojure_lsp/source_paths.clj", :from clojure-lsp.source-paths, :from-var process-source-paths, :macro true, :name when, :name-col 6, :name-end-col 10, :name-end-row 85, :name-row 85, :row 85, :to clojure.core, :varargs-min-arity 1}
{:arity 2, :col 11, :context {}, :end-col 41, :end-row 85, :filename "lib/src/clojure_lsp/source_paths.clj", :fixed-arities #{2}, :from clojure-lsp.source-paths, :from-var process-source-paths, :name contains?, :name-col 12, :name-end-col 21, :name-end-row 85, :name-row 85, :row 85, :to clojure.core}
{:alias logger, :arity 3, :col 42, :context {}, :end-col 122, :end-row 85, :filename "lib/src/clojure_lsp/source_paths.clj", :from clojure-lsp.source-paths, :from-var process-source-paths, :macro true, :name info, :name-col 43, :name-end-col 54, :name-end-row 85, :name-row 85, :row 85, :to clojure-lsp.logger, :varargs-min-arity 0}
{:col 55, :context {}, :end-col 65, :end-row 85, :filename "lib/src/clojure_lsp/source_paths.clj", :from clojure-lsp.source-paths, :from-var process-source-paths, :name logger-tag, :name-col 55, :name-end-col 65, :name-end-row 85, :name-row 85, :row 85, :to clojure-lsp.source-paths}
{:arity 2, :col 5, :context {}, :end-col 114, :end-row 86, :filename "lib/src/clojure_lsp/source_paths.clj", :from clojure-lsp.source-paths, :from-var process-source-paths, :macro true, :name when, :name-col 6, :name-end-col 10, :name-end-row 86, :name-row 86, :row 86, :to clojure.core, :varargs-min-arity 1}
{:arity 2, :col 11, :context {}, :end-col 39, :end-row 86, :filename "lib/src/clojure_lsp/source_paths.clj", :fixed-arities #{2}, :from clojure-lsp.source-paths, :from-var process-source-paths, :name contains?, :name-col 12, :name-end-col 21, :name-end-row 86, :name-row 86, :row 86, :to clojure.core}
{:alias logger, :arity 3, :col 40, :context {}, :end-col 113, :end-row 86, :filename "lib/src/clojure_lsp/source_paths.clj", :from clojure-lsp.source-paths, :from-var process-source-paths, :macro true, :name info, :name-col 41, :name-end-col 52, :name-end-row 86, :name-row 86, :row 86, :to clojure-lsp.logger, :varargs-min-arity 0}
{:col 53, :context {}, :end-col 63, :end-row 86, :filename "lib/src/clojure_lsp/source_paths.clj", :from clojure-lsp.source-paths, :from-var process-source-paths, :name logger-tag, :name-col 53, :name-end-col 63, :name-end-row 86, :name-row 86, :row 86, :to clojure-lsp.source-paths}
{:arity 4, :col 1, :context {}, :end-col 11, :end-row 7, :filename "mova/smoke/fixtures/buggy.clj", :from mova.smoke.fixtures.buggy, :macro true, :name defn, :name-col 2, :name-end-col 6, :name-end-row 4, :name-row 4, :row 4, :to clojure.core, :varargs-min-arity 2}
{:arity 2, :col 3, :context {}, :end-col 10, :end-row 7, :filename "mova/smoke/fixtures/buggy.clj", :fixed-arities #{0 1 2}, :from mova.smoke.fixtures.buggy, :from-var add2, :name +, :name-col 4, :name-end-col 5, :name-end-row 7, :name-row 7, :row 7, :to clojure.core, :varargs-min-arity 2}
{:arity 3, :col 1, :context {}, :end-col 13, :end-row 12, :filename "mova/smoke/fixtures/buggy.clj", :from mova.smoke.fixtures.buggy, :macro true, :name defn, :name-col 2, :name-end-col 6, :name-end-row 9, :name-row 9, :row 9, :to clojure.core, :varargs-min-arity 2}
{:arity 2, :col 3, :context {}, :end-col 12, :end-row 12, :filename "mova/smoke/fixtures/buggy.clj", :from mova.smoke.fixtures.buggy, :from-var unused-binding-fn, :macro true, :name let, :name-col 4, :name-end-col 7, :name-end-row 10, :name-row 10, :row 10, :to clojure.core, :varargs-min-arity 1}
{:arity 3, :col 1, :context {}, :end-col 12, :end-row 15, :filename "mova/smoke/fixtures/buggy.clj", :from mova.smoke.fixtures.buggy, :macro true, :name defn, :name-col 2, :name-end-col 6, :name-end-row 14, :name-row 14, :row 14, :to clojure.core, :varargs-min-arity 2}
{:arity 1, :col 3, :context {}, :end-col 11, :end-row 15, :filename "mova/smoke/fixtures/buggy.clj", :fixed-arities #{2}, :from mova.smoke.fixtures.buggy, :from-var arity-mismatch-fn, :name add2, :name-col 4, :name-end-col 8, :name-end-row 15, :name-row 15, :row 15, :to mova.smoke.fixtures.buggy}
{:arity 3, :col 1, :context {}, :end-col 36, :end-row 18, :filename "mova/smoke/fixtures/buggy.clj", :from mova.smoke.fixtures.buggy, :macro true, :name defn, :name-col 2, :name-end-col 6, :name-end-row 17, :name-row 17, :row 17, :to clojure.core, :varargs-min-arity 2}
{:arity 2, :col 3, :context {}, :end-col 35, :end-row 18, :filename "mova/smoke/fixtures/buggy.clj", :from mova.smoke.fixtures.buggy, :from-var unresolved-symbol-fn, :name this-symbol-does-not-exist, :name-col 4, :name-end-col 30, :name-end-row 18, :name-row 18, :row 18, :to :clj-kondo/unknown-namespace}
{:arity 3, :col 1, :context {}, :end-col 14, :end-row 22, :filename "mova/smoke/fixtures/buggy.clj", :from mova.smoke.fixtures.buggy, :macro true, :name defn, :name-col 2, :name-end-col 6, :name-end-row 20, :name-row 20, :row 20, :to clojure.core, :varargs-min-arity 2}
{:arity 1, :col 3, :context {}, :end-col 13, :end-row 22, :filename "mova/smoke/fixtures/buggy.clj", :from mova.smoke.fixtures.buggy, :from-var redundant-do-fn, :name do, :name-col 4, :name-end-col 6, :name-end-row 21, :name-row 21, :row 21, :to clojure.core}
{:arity 2, :col 5, :context {}, :end-col 12, :end-row 22, :filename "mova/smoke/fixtures/buggy.clj", :fixed-arities #{0 1 2}, :from mova.smoke.fixtures.buggy, :from-var redundant-do-fn, :name +, :name-col 6, :name-end-col 7, :name-end-row 22, :name-row 22, :row 22, :to clojure.core, :varargs-min-arity 2}
{:arity 3, :col 1, :context {}, :end-col 36, :end-row 25, :filename "mova/smoke/fixtures/buggy.clj", :from mova.smoke.fixtures.buggy, :macro true, :name defn, :name-col 2, :name-end-col 6, :name-end-row 24, :name-row 24, :row 24, :to clojure.core, :varargs-min-arity 2}
{:alias str, :arity 1, :col 3, :context {}, :end-col 35, :end-row 25, :filename "mova/smoke/fixtures/buggy.clj", :from mova.smoke.fixtures.buggy, :from-var unresolved-namespaced-fn, :name this-fn-does-not-exist, :name-col 4, :name-end-col 30, :name-end-row 25, :name-row 25, :row 25, :to clojure.string}
=== summary ===
{:error 2, :warning 3}
